phase,task,scene_id,candidate_id,rollout_id,seed,success,failure_type,baseline_labels,relative_video_path,absolute_video_path
search,TurnOnSinkFaucet,1,0,0,101000,False,policy_failure,,TurnOnSinkFaucet_scene1/TurnOnSinkFaucet/scene_1/candidate_00/rollout_00/TurnOnSinkFaucet_epoch_rollout_00.mp4,/home/cwl/桌面/SkillBasin/GateA_artifacts/gate_a_20260912_r2/TurnOnSinkFaucet_scene1/TurnOnSinkFaucet/scene_1/candidate_00/rollout_00/TurnOnSinkFaucet_epoch_rollout_00.mp4
search,TurnOnSinkFaucet,1,0,1,101001,True,success,,TurnOnSinkFaucet_scene1/TurnOnSinkFaucet/scene_1/candidate_00/rollout_01/TurnOnSinkFaucet_epoch_rollout_01.mp4,/home/cwl/桌面/SkillBasin/GateA_artifacts/gate_a_20260912_r2/TurnOnSinkFaucet_scene1/TurnOnSinkFaucet/scene_1/candidate_00/rollout_01/TurnOnSinkFaucet_epoch_rollout_01.mp4
search,TurnOnSinkFaucet,1,0,2,101002,False,policy_failure,,TurnOnSinkFaucet_scene1/TurnOnSinkFaucet/scene_1/candidate_00/rollout_02/TurnOnSinkFaucet_epoch_rollout_02.mp4,/home/cwl/桌面/SkillBasin/GateA_artifacts/gate_a_20260912_r2/TurnOnSinkFaucet_scene1/TurnOnSinkFaucet/scene_1/candidate_00/rollout_02/TurnOnSinkFaucet_epoch_rollout_02.mp4
search,TurnOnSinkFaucet,1,1,0,101010,False,policy_failure,,TurnOnSinkFaucet_scene1/TurnOnSinkFaucet/scene_1/candidate_01/rollout_00/TurnOnSinkFaucet_epoch_rollout_00.mp4,/home/cwl/桌面/SkillBasin/GateA_artifacts/gate_a_20260912_r2/TurnOnSinkFaucet_scene1/TurnOnSinkFaucet/scene_1/candidate_01/rollout_00/TurnOnSinkFaucet_epoch_rollout_00.mp4
search,TurnOnSinkFaucet,1,1,1,101011,False,policy_failure,,TurnOnSinkFaucet_scene1/TurnOnSinkFaucet/scene_1/candidate_01/rollout_01/TurnOnSinkFaucet_epoch_rollout_01.mp4,/home/cwl/桌面/SkillBasin/GateA_artifacts/gate_a_20260912_r2/TurnOnSinkFaucet_scene1/TurnOnSinkFaucet/scene_1/candidate_01/rollout_01/TurnOnSinkFaucet_epoch_rollout_01.mp4
search,TurnOnSinkFaucet,1,1,2,101012,False,policy_failure,,TurnOnSinkFaucet_scene1/TurnOnSinkFaucet/scene_1/candidate_01/rollout_02/TurnOnSinkFaucet_epoch_rollout_02.mp4,/home/cwl/桌面/SkillBasin/GateA_artifacts/gate_a_20260912_r2/TurnOnSinkFaucet_scene1/TurnOnSinkFaucet/scene_1/candidate_01/rollout_02/TurnOnSinkFaucet_epoch_rollout_02.mp4
search,TurnOnSinkFaucet,1,9,0,101090,False,policy_failure,,TurnOnSinkFaucet_scene1/TurnOnSinkFaucet/scene_1/candidate_09/rollout_00/TurnOnSinkFaucet_epoch_rollout_00.mp4,/home/cwl/桌面/SkillBasin/GateA_artifacts/gate_a_20260912_r2/TurnOnSinkFaucet_scene1/TurnOnSinkFaucet/scene_1/candidate_09/rollout_00/TurnOnSinkFaucet_epoch_rollout_00.mp4
search,TurnOnSinkFaucet,1,9,1,101091,False,policy_failure,,TurnOnSinkFaucet_scene1/TurnOnSinkFaucet/scene_1/candidate_09/rollout_01/TurnOnSinkFaucet_epoch_rollout_01.mp4,/home/cwl/桌面/SkillBasin/GateA_artifacts/gate_a_20260912_r2/TurnOnSinkFaucet_scene1/TurnOnSinkFaucet/scene_1/candidate_09/rollout_01/TurnOnSinkFaucet_epoch_rollout_01.mp4
search,TurnOnSinkFaucet,1,9,2,101092,False,policy_failure,,TurnOnSinkFaucet_scene1/TurnOnSinkFaucet/scene_1/candidate_09/rollout_02/TurnOnSinkFaucet_epoch_rollout_02.mp4,/home/cwl/桌面/SkillBasin/GateA_artifacts/gate_a_20260912_r2/TurnOnSinkFaucet_scene1/TurnOnSinkFaucet/scene_1/candidate_09/rollout_02/TurnOnSinkFaucet_epoch_rollout_02.mp4
search,TurnOnSinkFaucet,1,26,0,101260,False,policy_failure,,TurnOnSinkFaucet_scene1/TurnOnSinkFaucet/scene_1/candidate_26/rollout_00/TurnOnSinkFaucet_epoch_rollout_00.mp4,/home/cwl/桌面/SkillBasin/GateA_artifacts/gate_a_20260912_r2/TurnOnSinkFaucet_scene1/TurnOnSinkFaucet/scene_1/candidate_26/rollout_00/TurnOnSinkFaucet_epoch_rollout_00.mp4
search,TurnOnSinkFaucet,1,26,1,101261,True,success,,TurnOnSinkFaucet_scene1/TurnOnSinkFaucet/scene_1/candidate_26/rollout_01/TurnOnSinkFaucet_epoch_rollout_01.mp4,/home/cwl/桌面/SkillBasin/GateA_artifacts/gate_a_20260912_r2/TurnOnSinkFaucet_scene1/TurnOnSinkFaucet/scene_1/candidate_26/rollout_01/TurnOnSinkFaucet_epoch_rollout_01.mp4
search,TurnOnSinkFaucet,1,26,2,101262,False,policy_failure,,TurnOnSinkFaucet_scene1/TurnOnSinkFaucet/scene_1/candidate_26/rollout_02/TurnOnSinkFaucet_epoch_rollout_02.mp4,/home/cwl/桌面/SkillBasin/GateA_artifacts/gate_a_20260912_r2/TurnOnSinkFaucet_scene1/TurnOnSinkFaucet/scene_1/candidate_26/rollout_02/TurnOnSinkFaucet_epoch_rollout_02.mp4
search,TurnOnSinkFaucet,4,0,0,104000,True,success,,TurnOnSinkFaucet_scene4/TurnOnSinkFaucet/scene_4/candidate_00/rollout_00/TurnOnSinkFaucet_epoch_rollout_00.mp4,/home/cwl/桌面/SkillBasin/GateA_artifacts/gate_a_20260912_r2/TurnOnSinkFaucet_scene4/TurnOnSinkFaucet/scene_4/candidate_00/rollout_00/TurnOnSinkFaucet_epoch_rollout_00.mp4
search,TurnOnSinkFaucet,4,0,1,104001,True,success,,TurnOnSinkFaucet_scene4/TurnOnSinkFaucet/scene_4/candidate_00/rollout_01/TurnOnSinkFaucet_epoch_rollout_01.mp4,/home/cwl/桌面/SkillBasin/GateA_artifacts/gate_a_20260912_r2/TurnOnSinkFaucet_scene4/TurnOnSinkFaucet/scene_4/candidate_00/rollout_01/TurnOnSinkFaucet_epoch_rollout_01.mp4
search,TurnOnSinkFaucet,4,0,2,104002,True,success,,TurnOnSinkFaucet_scene4/TurnOnSinkFaucet/scene_4/candidate_00/rollout_02/TurnOnSinkFaucet_epoch_rollout_02.mp4,/home/cwl/桌面/SkillBasin/GateA_artifacts/gate_a_20260912_r2/TurnOnSinkFaucet_scene4/TurnOnSinkFaucet/scene_4/candidate_00/rollout_02/TurnOnSinkFaucet_epoch_rollout_02.mp4
search,TurnOnSinkFaucet,4,10,0,104100,False,policy_failure,,TurnOnSinkFaucet_scene4/TurnOnSinkFaucet/scene_4/candidate_10/rollout_00/TurnOnSinkFaucet_epoch_rollout_00.mp4,/home/cwl/桌面/SkillBasin/GateA_artifacts/gate_a_20260912_r2/TurnOnSinkFaucet_scene4/TurnOnSinkFaucet/scene_4/candidate_10/rollout_00/TurnOnSinkFaucet_epoch_rollout_00.mp4
search,TurnOnSinkFaucet,4,10,1,104101,False,policy_failure,,TurnOnSinkFaucet_scene4/TurnOnSinkFaucet/scene_4/candidate_10/rollout_01/TurnOnSinkFaucet_epoch_rollout_01.mp4,/home/cwl/桌面/SkillBasin/GateA_artifacts/gate_a_20260912_r2/TurnOnSinkFaucet_scene4/TurnOnSinkFaucet/scene_4/candidate_10/rollout_01/TurnOnSinkFaucet_epoch_rollout_01.mp4
search,TurnOnSinkFaucet,4,10,2,104102,False,policy_failure,,TurnOnSinkFaucet_scene4/TurnOnSinkFaucet/scene_4/candidate_10/rollout_02/TurnOnSinkFaucet_epoch_rollout_02.mp4,/home/cwl/桌面/SkillBasin/GateA_artifacts/gate_a_20260912_r2/TurnOnSinkFaucet_scene4/TurnOnSinkFaucet/scene_4/candidate_10/rollout_02/TurnOnSinkFaucet_epoch_rollout_02.mp4
search,TurnOnSinkFaucet,4,29,0,104290,False,policy_failure,,TurnOnSinkFaucet_scene4/TurnOnSinkFaucet/scene_4/candidate_29/rollout_00/TurnOnSinkFaucet_epoch_rollout_00.mp4,/home/cwl/桌面/SkillBasin/GateA_artifacts/gate_a_20260912_r2/TurnOnSinkFaucet_scene4/TurnOnSinkFaucet/scene_4/candidate_29/rollout_00/TurnOnSinkFaucet_epoch_rollout_00.mp4
search,TurnOnSinkFaucet,4,29,1,104291,False,policy_failure,,TurnOnSinkFaucet_scene4/TurnOnSinkFaucet/scene_4/candidate_29/rollout_01/TurnOnSinkFaucet_epoch_rollout_01.mp4,/home/cwl/桌面/SkillBasin/GateA_artifacts/gate_a_20260912_r2/TurnOnSinkFaucet_scene4/TurnOnSinkFaucet/scene_4/candidate_29/rollout_01/TurnOnSinkFaucet_epoch_rollout_01.mp4
search,TurnOnSinkFaucet,4,29,2,104292,False,policy_failure,,TurnOnSinkFaucet_scene4/TurnOnSinkFaucet/scene_4/candidate_29/rollout_02/TurnOnSinkFaucet_epoch_rollout_02.mp4,/home/cwl/桌面/SkillBasin/GateA_artifacts/gate_a_20260912_r2/TurnOnSinkFaucet_scene4/TurnOnSinkFaucet/scene_4/candidate_29/rollout_02/TurnOnSinkFaucet_epoch_rollout_02.mp4
search,TurnOnSinkFaucet,7,0,0,107000,True,success,,TurnOnSinkFaucet_scene7/TurnOnSinkFaucet/scene_7/candidate_00/rollout_00/TurnOnSinkFaucet_epoch_rollout_00.mp4,/home/cwl/桌面/SkillBasin/GateA_artifacts/gate_a_20260912_r2/TurnOnSinkFaucet_scene7/TurnOnSinkFaucet/scene_7/candidate_00/rollout_00/TurnOnSinkFaucet_epoch_rollout_00.mp4
search,TurnOnSinkFaucet,7,0,1,107001,True,success,,TurnOnSinkFaucet_scene7/TurnOnSinkFaucet/scene_7/candidate_00/rollout_01/TurnOnSinkFaucet_epoch_rollout_01.mp4,/home/cwl/桌面/SkillBasin/GateA_artifacts/gate_a_20260912_r2/TurnOnSinkFaucet_scene7/TurnOnSinkFaucet/scene_7/candidate_00/rollout_01/TurnOnSinkFaucet_epoch_rollout_01.mp4
search,TurnOnSinkFaucet,7,0,2,107002,True,success,,TurnOnSinkFaucet_scene7/TurnOnSinkFaucet/scene_7/candidate_00/rollout_02/TurnOnSinkFaucet_epoch_rollout_02.mp4,/home/cwl/桌面/SkillBasin/GateA_artifacts/gate_a_20260912_r2/TurnOnSinkFaucet_scene7/TurnOnSinkFaucet/scene_7/candidate_00/rollout_02/TurnOnSinkFaucet_epoch_rollout_02.mp4
search,TurnOnSinkFaucet,7,12,0,107120,False,policy_failure,,TurnOnSinkFaucet_scene7/TurnOnSinkFaucet/scene_7/candidate_12/rollout_00/TurnOnSinkFaucet_epoch_rollout_00.mp4,/home/cwl/桌面/SkillBasin/GateA_artifacts/gate_a_20260912_r2/TurnOnSinkFaucet_scene7/TurnOnSinkFaucet/scene_7/candidate_12/rollout_00/TurnOnSinkFaucet_epoch_rollout_00.mp4
search,TurnOnSinkFaucet,7,12,1,107121,False,policy_failure,,TurnOnSinkFaucet_scene7/TurnOnSinkFaucet/scene_7/candidate_12/rollout_01/TurnOnSinkFaucet_epoch_rollout_01.mp4,/home/cwl/桌面/SkillBasin/GateA_artifacts/gate_a_20260912_r2/TurnOnSinkFaucet_scene7/TurnOnSinkFaucet/scene_7/candidate_12/rollout_01/TurnOnSinkFaucet_epoch_rollout_01.mp4
search,TurnOnSinkFaucet,7,12,2,107122,False,policy_failure,,TurnOnSinkFaucet_scene7/TurnOnSinkFaucet/scene_7/candidate_12/rollout_02/TurnOnSinkFaucet_epoch_rollout_02.mp4,/home/cwl/桌面/SkillBasin/GateA_artifacts/gate_a_20260912_r2/TurnOnSinkFaucet_scene7/TurnOnSinkFaucet/scene_7/candidate_12/rollout_02/TurnOnSinkFaucet_epoch_rollout_02.mp4
search,TurnOnSinkFaucet,7,15,0,107150,False,policy_failure,,TurnOnSinkFaucet_scene7/TurnOnSinkFaucet/scene_7/candidate_15/rollout_00/TurnOnSinkFaucet_epoch_rollout_00.mp4,/home/cwl/桌面/SkillBasin/GateA_artifacts/gate_a_20260912_r2/TurnOnSinkFaucet_scene7/TurnOnSinkFaucet/scene_7/candidate_15/rollout_00/TurnOnSinkFaucet_epoch_rollout_00.mp4
search,TurnOnSinkFaucet,7,15,1,107151,False,policy_failure,,TurnOnSinkFaucet_scene7/TurnOnSinkFaucet/scene_7/candidate_15/rollout_01/TurnOnSinkFaucet_epoch_rollout_01.mp4,/home/cwl/桌面/SkillBasin/GateA_artifacts/gate_a_20260912_r2/TurnOnSinkFaucet_scene7/TurnOnSinkFaucet/scene_7/candidate_15/rollout_01/TurnOnSinkFaucet_epoch_rollout_01.mp4
search,TurnOnSinkFaucet,7,15,2,107152,False,policy_failure,,TurnOnSinkFaucet_scene7/TurnOnSinkFaucet/scene_7/candidate_15/rollout_02/TurnOnSinkFaucet_epoch_rollout_02.mp4,/home/cwl/桌面/SkillBasin/GateA_artifacts/gate_a_20260912_r2/TurnOnSinkFaucet_scene7/TurnOnSinkFaucet/scene_7/candidate_15/rollout_02/TurnOnSinkFaucet_epoch_rollout_02.mp4
search,TurnOnSinkFaucet,7,22,0,107220,False,policy_failure,,TurnOnSinkFaucet_scene7/TurnOnSinkFaucet/scene_7/candidate_22/rollout_00/TurnOnSinkFaucet_epoch_rollout_00.mp4,/home/cwl/桌面/SkillBasin/GateA_artifacts/gate_a_20260912_r2/TurnOnSinkFaucet_scene7/TurnOnSinkFaucet/scene_7/candidate_22/rollout_00/TurnOnSinkFaucet_epoch_rollout_00.mp4
search,TurnOnSinkFaucet,7,22,1,107221,False,policy_failure,,TurnOnSinkFaucet_scene7/TurnOnSinkFaucet/scene_7/candidate_22/rollout_01/TurnOnSinkFaucet_epoch_rollout_01.mp4,/home/cwl/桌面/SkillBasin/GateA_artifacts/gate_a_20260912_r2/TurnOnSinkFaucet_scene7/TurnOnSinkFaucet/scene_7/candidate_22/rollout_01/TurnOnSinkFaucet_epoch_rollout_01.mp4
search,TurnOnSinkFaucet,7,22,2,107222,False,policy_failure,,TurnOnSinkFaucet_scene7/TurnOnSinkFaucet/scene_7/candidate_22/rollout_02/TurnOnSinkFaucet_epoch_rollout_02.mp4,/home/cwl/桌面/SkillBasin/GateA_artifacts/gate_a_20260912_r2/TurnOnSinkFaucet_scene7/TurnOnSinkFaucet/scene_7/candidate_22/rollout_02/TurnOnSinkFaucet_epoch_rollout_02.mp4
search,TurnOnSinkFaucet,7,25,0,107250,False,policy_failure,,TurnOnSinkFaucet_scene7/TurnOnSinkFaucet/scene_7/candidate_25/rollout_00/TurnOnSinkFaucet_epoch_rollout_00.mp4,/home/cwl/桌面/SkillBasin/GateA_artifacts/gate_a_20260912_r2/TurnOnSinkFaucet_scene7/TurnOnSinkFaucet/scene_7/candidate_25/rollout_00/TurnOnSinkFaucet_epoch_rollout_00.mp4
search,TurnOnSinkFaucet,7,25,1,107251,False,policy_failure,,TurnOnSinkFaucet_scene7/TurnOnSinkFaucet/scene_7/candidate_25/rollout_01/TurnOnSinkFaucet_epoch_rollout_01.mp4,/home/cwl/桌面/SkillBasin/GateA_artifacts/gate_a_20260912_r2/TurnOnSinkFaucet_scene7/TurnOnSinkFaucet/scene_7/candidate_25/rollout_01/TurnOnSinkFaucet_epoch_rollout_01.mp4
search,TurnOnSinkFaucet,7,25,2,107252,False,policy_failure,,TurnOnSinkFaucet_scene7/TurnOnSinkFaucet/scene_7/candidate_25/rollout_02/TurnOnSinkFaucet_epoch_rollout_02.mp4,/home/cwl/桌面/SkillBasin/GateA_artifacts/gate_a_20260912_r2/TurnOnSinkFaucet_scene7/TurnOnSinkFaucet/scene_7/candidate_25/rollout_02/TurnOnSinkFaucet_epoch_rollout_02.mp4
search,TurnOnStove,1,0,0,101000,True,success,,TurnOnStove_scene1/TurnOnStove/scene_1/candidate_00/rollout_00/TurnOnStove_epoch_rollout_00.mp4,/home/cwl/桌面/SkillBasin/GateA_artifacts/gate_a_20260912_r2/TurnOnStove_scene1/TurnOnStove/scene_1/candidate_00/rollout_00/TurnOnStove_epoch_rollout_00.mp4
search,TurnOnStove,1,0,1,101001,True,success,,TurnOnStove_scene1/TurnOnStove/scene_1/candidate_00/rollout_01/TurnOnStove_epoch_rollout_01.mp4,/home/cwl/桌面/SkillBasin/GateA_artifacts/gate_a_20260912_r2/TurnOnStove_scene1/TurnOnStove/scene_1/candidate_00/rollout_01/TurnOnStove_epoch_rollout_01.mp4
search,TurnOnStove,1,0,2,101002,True,success,,TurnOnStove_scene1/TurnOnStove/scene_1/candidate_00/rollout_02/TurnOnStove_epoch_rollout_02.mp4,/home/cwl/桌面/SkillBasin/GateA_artifacts/gate_a_20260912_r2/TurnOnStove_scene1/TurnOnStove/scene_1/candidate_00/rollout_02/TurnOnStove_epoch_rollout_02.mp4
search,TurnOnStove,1,1,0,101010,False,policy_failure,,TurnOnStove_scene1/TurnOnStove/scene_1/candidate_01/rollout_00/TurnOnStove_epoch_rollout_00.mp4,/home/cwl/桌面/SkillBasin/GateA_artifacts/gate_a_20260912_r2/TurnOnStove_scene1/TurnOnStove/scene_1/candidate_01/rollout_00/TurnOnStove_epoch_rollout_00.mp4
search,TurnOnStove,1,1,1,101011,False,policy_failure,,TurnOnStove_scene1/TurnOnStove/scene_1/candidate_01/rollout_01/TurnOnStove_epoch_rollout_01.mp4,/home/cwl/桌面/SkillBasin/GateA_artifacts/gate_a_20260912_r2/TurnOnStove_scene1/TurnOnStove/scene_1/candidate_01/rollout_01/TurnOnStove_epoch_rollout_01.mp4
search,TurnOnStove,1,1,2,101012,False,policy_failure,,TurnOnStove_scene1/TurnOnStove/scene_1/candidate_01/rollout_02/TurnOnStove_epoch_rollout_02.mp4,/home/cwl/桌面/SkillBasin/GateA_artifacts/gate_a_20260912_r2/TurnOnStove_scene1/TurnOnStove/scene_1/candidate_01/rollout_02/TurnOnStove_epoch_rollout_02.mp4
search,TurnOnStove,1,7,0,101070,False,policy_failure,,TurnOnStove_scene1/TurnOnStove/scene_1/candidate_07/rollout_00/TurnOnStove_epoch_rollout_00.mp4,/home/cwl/桌面/SkillBasin/GateA_artifacts/gate_a_20260912_r2/TurnOnStove_scene1/TurnOnStove/scene_1/candidate_07/rollout_00/TurnOnStove_epoch_rollout_00.mp4
search,TurnOnStove,1,7,1,101071,False,policy_failure,,TurnOnStove_scene1/TurnOnStove/scene_1/candidate_07/rollout_01/TurnOnStove_epoch_rollout_01.mp4,/home/cwl/桌面/SkillBasin/GateA_artifacts/gate_a_20260912_r2/TurnOnStove_scene1/TurnOnStove/scene_1/candidate_07/rollout_01/TurnOnStove_epoch_rollout_01.mp4
search,TurnOnStove,1,7,2,101072,False,policy_failure,,TurnOnStove_scene1/TurnOnStove/scene_1/candidate_07/rollout_02/TurnOnStove_epoch_rollout_02.mp4,/home/cwl/桌面/SkillBasin/GateA_artifacts/gate_a_20260912_r2/TurnOnStove_scene1/TurnOnStove/scene_1/candidate_07/rollout_02/TurnOnStove_epoch_rollout_02.mp4
search,TurnOnStove,1,13,0,101130,False,policy_failure,,TurnOnStove_scene1/TurnOnStove/scene_1/candidate_13/rollout_00/TurnOnStove_epoch_rollout_00.mp4,/home/cwl/桌面/SkillBasin/GateA_artifacts/gate_a_20260912_r2/TurnOnStove_scene1/TurnOnStove/scene_1/candidate_13/rollout_00/TurnOnStove_epoch_rollout_00.mp4
search,TurnOnStove,1,13,1,101131,False,policy_failure,,TurnOnStove_scene1/TurnOnStove/scene_1/candidate_13/rollout_01/TurnOnStove_epoch_rollout_01.mp4,/home/cwl/桌面/SkillBasin/GateA_artifacts/gate_a_20260912_r2/TurnOnStove_scene1/TurnOnStove/scene_1/candidate_13/rollout_01/TurnOnStove_epoch_rollout_01.mp4
search,TurnOnStove,1,13,2,101132,False,policy_failure,,TurnOnStove_scene1/TurnOnStove/scene_1/candidate_13/rollout_02/TurnOnStove_epoch_rollout_02.mp4,/home/cwl/桌面/SkillBasin/GateA_artifacts/gate_a_20260912_r2/TurnOnStove_scene1/TurnOnStove/scene_1/candidate_13/rollout_02/TurnOnStove_epoch_rollout_02.mp4
search,TurnOnStove,1,14,0,101140,False,policy_failure,,TurnOnStove_scene1/TurnOnStove/scene_1/candidate_14/rollout_00/TurnOnStove_epoch_rollout_00.mp4,/home/cwl/桌面/SkillBasin/GateA_artifacts/gate_a_20260912_r2/TurnOnStove_scene1/TurnOnStove/scene_1/candidate_14/rollout_00/TurnOnStove_epoch_rollout_00.mp4
search,TurnOnStove,1,14,1,101141,False,policy_failure,,TurnOnStove_scene1/TurnOnStove/scene_1/candidate_14/rollout_01/TurnOnStove_epoch_rollout_01.mp4,/home/cwl/桌面/SkillBasin/GateA_artifacts/gate_a_20260912_r2/TurnOnStove_scene1/TurnOnStove/scene_1/candidate_14/rollout_01/TurnOnStove_epoch_rollout_01.mp4
search,TurnOnStove,1,14,2,101142,False,policy_failure,,TurnOnStove_scene1/TurnOnStove/scene_1/candidate_14/rollout_02/TurnOnStove_epoch_rollout_02.mp4,/home/cwl/桌面/SkillBasin/GateA_artifacts/gate_a_20260912_r2/TurnOnStove_scene1/TurnOnStove/scene_1/candidate_14/rollout_02/TurnOnStove_epoch_rollout_02.mp4
search,TurnOnStove,1,15,0,101150,False,policy_failure,,TurnOnStove_scene1/TurnOnStove/scene_1/candidate_15/rollout_00/TurnOnStove_epoch_rollout_00.mp4,/home/cwl/桌面/SkillBasin/GateA_artifacts/gate_a_20260912_r2/TurnOnStove_scene1/TurnOnStove/scene_1/candidate_15/rollout_00/TurnOnStove_epoch_rollout_00.mp4
search,TurnOnStove,1,15,1,101151,False,policy_failure,,TurnOnStove_scene1/TurnOnStove/scene_1/candidate_15/rollout_01/TurnOnStove_epoch_rollout_01.mp4,/home/cwl/桌面/SkillBasin/GateA_artifacts/gate_a_20260912_r2/TurnOnStove_scene1/TurnOnStove/scene_1/candidate_15/rollout_01/TurnOnStove_epoch_rollout_01.mp4
search,TurnOnStove,1,15,2,101152,False,policy_failure,,TurnOnStove_scene1/TurnOnStove/scene_1/candidate_15/rollout_02/TurnOnStove_epoch_rollout_02.mp4,/home/cwl/桌面/SkillBasin/GateA_artifacts/gate_a_20260912_r2/TurnOnStove_scene1/TurnOnStove/scene_1/candidate_15/rollout_02/TurnOnStove_epoch_rollout_02.mp4
search,TurnOnStove,1,16,0,101160,False,policy_failure,,TurnOnStove_scene1/TurnOnStove/scene_1/candidate_16/rollout_00/TurnOnStove_epoch_rollout_00.mp4,/home/cwl/桌面/SkillBasin/GateA_artifacts/gate_a_20260912_r2/TurnOnStove_scene1/TurnOnStove/scene_1/candidate_16/rollout_00/TurnOnStove_epoch_rollout_00.mp4
search,TurnOnStove,1,16,1,101161,False,policy_failure,,TurnOnStove_scene1/TurnOnStove/scene_1/candidate_16/rollout_01/TurnOnStove_epoch_rollout_01.mp4,/home/cwl/桌面/SkillBasin/GateA_artifacts/gate_a_20260912_r2/TurnOnStove_scene1/TurnOnStove/scene_1/candidate_16/rollout_01/TurnOnStove_epoch_rollout_01.mp4
search,TurnOnStove,1,16,2,101162,False,policy_failure,,TurnOnStove_scene1/TurnOnStove/scene_1/candidate_16/rollout_02/TurnOnStove_epoch_rollout_02.mp4,/home/cwl/桌面/SkillBasin/GateA_artifacts/gate_a_20260912_r2/TurnOnStove_scene1/TurnOnStove/scene_1/candidate_16/rollout_02/TurnOnStove_epoch_rollout_02.mp4
search,TurnOnStove,1,17,0,101170,False,policy_failure,,TurnOnStove_scene1/TurnOnStove/scene_1/candidate_17/rollout_00/TurnOnStove_epoch_rollout_00.mp4,/home/cwl/桌面/SkillBasin/GateA_artifacts/gate_a_20260912_r2/TurnOnStove_scene1/TurnOnStove/scene_1/candidate_17/rollout_00/TurnOnStove_epoch_rollout_00.mp4
search,TurnOnStove,1,17,1,101171,False,policy_failure,,TurnOnStove_scene1/TurnOnStove/scene_1/candidate_17/rollout_01/TurnOnStove_epoch_rollout_01.mp4,/home/cwl/桌面/SkillBasin/GateA_artifacts/gate_a_20260912_r2/TurnOnStove_scene1/TurnOnStove/scene_1/candidate_17/rollout_01/TurnOnStove_epoch_rollout_01.mp4
search,TurnOnStove,1,17,2,101172,False,policy_failure,,TurnOnStove_scene1/TurnOnStove/scene_1/candidate_17/rollout_02/TurnOnStove_epoch_rollout_02.mp4,/home/cwl/桌面/SkillBasin/GateA_artifacts/gate_a_20260912_r2/TurnOnStove_scene1/TurnOnStove/scene_1/candidate_17/rollout_02/TurnOnStove_epoch_rollout_02.mp4
search,TurnOnStove,1,19,0,101190,False,policy_failure,,TurnOnStove_scene1/TurnOnStove/scene_1/candidate_19/rollout_00/TurnOnStove_epoch_rollout_00.mp4,/home/cwl/桌面/SkillBasin/GateA_artifacts/gate_a_20260912_r2/TurnOnStove_scene1/TurnOnStove/scene_1/candidate_19/rollout_00/TurnOnStove_epoch_rollout_00.mp4
search,TurnOnStove,1,19,1,101191,False,policy_failure,,TurnOnStove_scene1/TurnOnStove/scene_1/candidate_19/rollout_01/TurnOnStove_epoch_rollout_01.mp4,/home/cwl/桌面/SkillBasin/GateA_artifacts/gate_a_20260912_r2/TurnOnStove_scene1/TurnOnStove/scene_1/candidate_19/rollout_01/TurnOnStove_epoch_rollout_01.mp4
search,TurnOnStove,1,19,2,101192,False,policy_failure,,TurnOnStove_scene1/TurnOnStove/scene_1/candidate_19/rollout_02/TurnOnStove_epoch_rollout_02.mp4,/home/cwl/桌面/SkillBasin/GateA_artifacts/gate_a_20260912_r2/TurnOnStove_scene1/TurnOnStove/scene_1/candidate_19/rollout_02/TurnOnStove_epoch_rollout_02.mp4
search,TurnOnStove,1,21,0,101210,False,policy_failure,,TurnOnStove_scene1/TurnOnStove/scene_1/candidate_21/rollout_00/TurnOnStove_epoch_rollout_00.mp4,/home/cwl/桌面/SkillBasin/GateA_artifacts/gate_a_20260912_r2/TurnOnStove_scene1/TurnOnStove/scene_1/candidate_21/rollout_00/TurnOnStove_epoch_rollout_00.mp4
search,TurnOnStove,1,21,1,101211,False,policy_failure,,TurnOnStove_scene1/TurnOnStove/scene_1/candidate_21/rollout_01/TurnOnStove_epoch_rollout_01.mp4,/home/cwl/桌面/SkillBasin/GateA_artifacts/gate_a_20260912_r2/TurnOnStove_scene1/TurnOnStove/scene_1/candidate_21/rollout_01/TurnOnStove_epoch_rollout_01.mp4
search,TurnOnStove,1,21,2,101212,False,policy_failure,,TurnOnStove_scene1/TurnOnStove/scene_1/candidate_21/rollout_02/TurnOnStove_epoch_rollout_02.mp4,/home/cwl/桌面/SkillBasin/GateA_artifacts/gate_a_20260912_r2/TurnOnStove_scene1/TurnOnStove/scene_1/candidate_21/rollout_02/TurnOnStove_epoch_rollout_02.mp4
search,TurnOnStove,1,25,0,101250,False,policy_failure,,TurnOnStove_scene1/TurnOnStove/scene_1/candidate_25/rollout_00/TurnOnStove_epoch_rollout_00.mp4,/home/cwl/桌面/SkillBasin/GateA_artifacts/gate_a_20260912_r2/TurnOnStove_scene1/TurnOnStove/scene_1/candidate_25/rollout_00/TurnOnStove_epoch_rollout_00.mp4
search,TurnOnStove,1,25,1,101251,False,policy_failure,,TurnOnStove_scene1/TurnOnStove/scene_1/candidate_25/rollout_01/TurnOnStove_epoch_rollout_01.mp4,/home/cwl/桌面/SkillBasin/GateA_artifacts/gate_a_20260912_r2/TurnOnStove_scene1/TurnOnStove/scene_1/candidate_25/rollout_01/TurnOnStove_epoch_rollout_01.mp4
search,TurnOnStove,1,25,2,101252,False,policy_failure,,TurnOnStove_scene1/TurnOnStove/scene_1/candidate_25/rollout_02/TurnOnStove_epoch_rollout_02.mp4,/home/cwl/桌面/SkillBasin/GateA_artifacts/gate_a_20260912_r2/TurnOnStove_scene1/TurnOnStove/scene_1/candidate_25/rollout_02/TurnOnStove_epoch_rollout_02.mp4
search,TurnOnStove,1,28,0,101280,False,policy_failure,,TurnOnStove_scene1/TurnOnStove/scene_1/candidate_28/rollout_00/TurnOnStove_epoch_rollout_00.mp4,/home/cwl/桌面/SkillBasin/GateA_artifacts/gate_a_20260912_r2/TurnOnStove_scene1/TurnOnStove/scene_1/candidate_28/rollout_00/TurnOnStove_epoch_rollout_00.mp4
search,TurnOnStove,1,28,1,101281,False,policy_failure,,TurnOnStove_scene1/TurnOnStove/scene_1/candidate_28/rollout_01/TurnOnStove_epoch_rollout_01.mp4,/home/cwl/桌面/SkillBasin/GateA_artifacts/gate_a_20260912_r2/TurnOnStove_scene1/TurnOnStove/scene_1/candidate_28/rollout_01/TurnOnStove_epoch_rollout_01.mp4
search,TurnOnStove,1,28,2,101282,False,policy_failure,,TurnOnStove_scene1/TurnOnStove/scene_1/candidate_28/rollout_02/TurnOnStove_epoch_rollout_02.mp4,/home/cwl/桌面/SkillBasin/GateA_artifacts/gate_a_20260912_r2/TurnOnStove_scene1/TurnOnStove/scene_1/candidate_28/rollout_02/TurnOnStove_epoch_rollout_02.mp4
search,TurnOnStove,1,30,0,101300,False,policy_failure,,TurnOnStove_scene1/TurnOnStove/scene_1/candidate_30/rollout_00/TurnOnStove_epoch_rollout_00.mp4,/home/cwl/桌面/SkillBasin/GateA_artifacts/gate_a_20260912_r2/TurnOnStove_scene1/TurnOnStove/scene_1/candidate_30/rollout_00/TurnOnStove_epoch_rollout_00.mp4
search,TurnOnStove,1,30,1,101301,False,policy_failure,,TurnOnStove_scene1/TurnOnStove/scene_1/candidate_30/rollout_01/TurnOnStove_epoch_rollout_01.mp4,/home/cwl/桌面/SkillBasin/GateA_artifacts/gate_a_20260912_r2/TurnOnStove_scene1/TurnOnStove/scene_1/candidate_30/rollout_01/TurnOnStove_epoch_rollout_01.mp4
search,TurnOnStove,1,30,2,101302,False,policy_failure,,TurnOnStove_scene1/TurnOnStove/scene_1/candidate_30/rollout_02/TurnOnStove_epoch_rollout_02.mp4,/home/cwl/桌面/SkillBasin/GateA_artifacts/gate_a_20260912_r2/TurnOnStove_scene1/TurnOnStove/scene_1/candidate_30/rollout_02/TurnOnStove_epoch_rollout_02.mp4
search,TurnOnStove,1,31,0,101310,False,policy_failure,,TurnOnStove_scene1/TurnOnStove/scene_1/candidate_31/rollout_00/TurnOnStove_epoch_rollout_00.mp4,/home/cwl/桌面/SkillBasin/GateA_artifacts/gate_a_20260912_r2/TurnOnStove_scene1/TurnOnStove/scene_1/candidate_31/rollout_00/TurnOnStove_epoch_rollout_00.mp4
search,TurnOnStove,1,31,1,101311,False,policy_failure,,TurnOnStove_scene1/TurnOnStove/scene_1/candidate_31/rollout_01/TurnOnStove_epoch_rollout_01.mp4,/home/cwl/桌面/SkillBasin/GateA_artifacts/gate_a_20260912_r2/TurnOnStove_scene1/TurnOnStove/scene_1/candidate_31/rollout_01/TurnOnStove_epoch_rollout_01.mp4
search,TurnOnStove,1,31,2,101312,False,policy_failure,,TurnOnStove_scene1/TurnOnStove/scene_1/candidate_31/rollout_02/TurnOnStove_epoch_rollout_02.mp4,/home/cwl/桌面/SkillBasin/GateA_artifacts/gate_a_20260912_r2/TurnOnStove_scene1/TurnOnStove/scene_1/candidate_31/rollout_02/TurnOnStove_epoch_rollout_02.mp4
search,TurnOnStove,4,0,0,104000,False,policy_failure,,TurnOnStove_scene4/TurnOnStove/scene_4/candidate_00/rollout_00/TurnOnStove_epoch_rollout_00.mp4,/home/cwl/桌面/SkillBasin/GateA_artifacts/gate_a_20260912_r2/TurnOnStove_scene4/TurnOnStove/scene_4/candidate_00/rollout_00/TurnOnStove_epoch_rollout_00.mp4
search,TurnOnStove,4,0,1,104001,False,policy_failure,,TurnOnStove_scene4/TurnOnStove/scene_4/candidate_00/rollout_01/TurnOnStove_epoch_rollout_01.mp4,/home/cwl/桌面/SkillBasin/GateA_artifacts/gate_a_20260912_r2/TurnOnStove_scene4/TurnOnStove/scene_4/candidate_00/rollout_01/TurnOnStove_epoch_rollout_01.mp4
search,TurnOnStove,4,0,2,104002,False,policy_failure,,TurnOnStove_scene4/TurnOnStove/scene_4/candidate_00/rollout_02/TurnOnStove_epoch_rollout_02.mp4,/home/cwl/桌面/SkillBasin/GateA_artifacts/gate_a_20260912_r2/TurnOnStove_scene4/TurnOnStove/scene_4/candidate_00/rollout_02/TurnOnStove_epoch_rollout_02.mp4
search,TurnOnStove,4,2,0,104020,False,policy_failure,,TurnOnStove_scene4/TurnOnStove/scene_4/candidate_02/rollout_00/TurnOnStove_epoch_rollout_00.mp4,/home/cwl/桌面/SkillBasin/GateA_artifacts/gate_a_20260912_r2/TurnOnStove_scene4/TurnOnStove/scene_4/candidate_02/rollout_00/TurnOnStove_epoch_rollout_00.mp4
search,TurnOnStove,4,2,1,104021,False,policy_failure,,TurnOnStove_scene4/TurnOnStove/scene_4/candidate_02/rollout_01/TurnOnStove_epoch_rollout_01.mp4,/home/cwl/桌面/SkillBasin/GateA_artifacts/gate_a_20260912_r2/TurnOnStove_scene4/TurnOnStove/scene_4/candidate_02/rollout_01/TurnOnStove_epoch_rollout_01.mp4
search,TurnOnStove,4,2,2,104022,False,policy_failure,,TurnOnStove_scene4/TurnOnStove/scene_4/candidate_02/rollout_02/TurnOnStove_epoch_rollout_02.mp4,/home/cwl/桌面/SkillBasin/GateA_artifacts/gate_a_20260912_r2/TurnOnStove_scene4/TurnOnStove/scene_4/candidate_02/rollout_02/TurnOnStove_epoch_rollout_02.mp4
search,TurnOnStove,4,26,0,104260,False,policy_failure,,TurnOnStove_scene4/TurnOnStove/scene_4/candidate_26/rollout_00/TurnOnStove_epoch_rollout_00.mp4,/home/cwl/桌面/SkillBasin/GateA_artifacts/gate_a_20260912_r2/TurnOnStove_scene4/TurnOnStove/scene_4/candidate_26/rollout_00/TurnOnStove_epoch_rollout_00.mp4
search,TurnOnStove,4,26,1,104261,False,policy_failure,,TurnOnStove_scene4/TurnOnStove/scene_4/candidate_26/rollout_01/TurnOnStove_epoch_rollout_01.mp4,/home/cwl/桌面/SkillBasin/GateA_artifacts/gate_a_20260912_r2/TurnOnStove_scene4/TurnOnStove/scene_4/candidate_26/rollout_01/TurnOnStove_epoch_rollout_01.mp4
search,TurnOnStove,4,26,2,104262,False,policy_failure,,TurnOnStove_scene4/TurnOnStove/scene_4/candidate_26/rollout_02/TurnOnStove_epoch_rollout_02.mp4,/home/cwl/桌面/SkillBasin/GateA_artifacts/gate_a_20260912_r2/TurnOnStove_scene4/TurnOnStove/scene_4/candidate_26/rollout_02/TurnOnStove_epoch_rollout_02.mp4
search,TurnOnStove,7,0,0,107000,False,policy_failure,,TurnOnStove_scene7/TurnOnStove/scene_7/candidate_00/rollout_00/TurnOnStove_epoch_rollout_00.mp4,/home/cwl/桌面/SkillBasin/GateA_artifacts/gate_a_20260912_r2/TurnOnStove_scene7/TurnOnStove/scene_7/candidate_00/rollout_00/TurnOnStove_epoch_rollout_00.mp4
search,TurnOnStove,7,0,1,107001,False,policy_failure,,TurnOnStove_scene7/TurnOnStove/scene_7/candidate_00/rollout_01/TurnOnStove_epoch_rollout_01.mp4,/home/cwl/桌面/SkillBasin/GateA_artifacts/gate_a_20260912_r2/TurnOnStove_scene7/TurnOnStove/scene_7/candidate_00/rollout_01/TurnOnStove_epoch_rollout_01.mp4
search,TurnOnStove,7,0,2,107002,False,policy_failure,,TurnOnStove_scene7/TurnOnStove/scene_7/candidate_00/rollout_02/TurnOnStove_epoch_rollout_02.mp4,/home/cwl/桌面/SkillBasin/GateA_artifacts/gate_a_20260912_r2/TurnOnStove_scene7/TurnOnStove/scene_7/candidate_00/rollout_02/TurnOnStove_epoch_rollout_02.mp4
search,TurnOnStove,7,1,0,107010,False,policy_failure,,TurnOnStove_scene7/TurnOnStove/scene_7/candidate_01/rollout_00/TurnOnStove_epoch_rollout_00.mp4,/home/cwl/桌面/SkillBasin/GateA_artifacts/gate_a_20260912_r2/TurnOnStove_scene7/TurnOnStove/scene_7/candidate_01/rollout_00/TurnOnStove_epoch_rollout_00.mp4
search,TurnOnStove,7,1,1,107011,False,policy_failure,,TurnOnStove_scene7/TurnOnStove/scene_7/candidate_01/rollout_01/TurnOnStove_epoch_rollout_01.mp4,/home/cwl/桌面/SkillBasin/GateA_artifacts/gate_a_20260912_r2/TurnOnStove_scene7/TurnOnStove/scene_7/candidate_01/rollout_01/TurnOnStove_epoch_rollout_01.mp4
search,TurnOnStove,7,1,2,107012,False,policy_failure,,TurnOnStove_scene7/TurnOnStove/scene_7/candidate_01/rollout_02/TurnOnStove_epoch_rollout_02.mp4,/home/cwl/桌面/SkillBasin/GateA_artifacts/gate_a_20260912_r2/TurnOnStove_scene7/TurnOnStove/scene_7/candidate_01/rollout_02/TurnOnStove_epoch_rollout_02.mp4
search,TurnOnStove,7,7,0,107070,False,policy_failure,,TurnOnStove_scene7/TurnOnStove/scene_7/candidate_07/rollout_00/TurnOnStove_epoch_rollout_00.mp4,/home/cwl/桌面/SkillBasin/GateA_artifacts/gate_a_20260912_r2/TurnOnStove_scene7/TurnOnStove/scene_7/candidate_07/rollout_00/TurnOnStove_epoch_rollout_00.mp4
search,TurnOnStove,7,7,1,107071,False,policy_failure,,TurnOnStove_scene7/TurnOnStove/scene_7/candidate_07/rollout_01/TurnOnStove_epoch_rollout_01.mp4,/home/cwl/桌面/SkillBasin/GateA_artifacts/gate_a_20260912_r2/TurnOnStove_scene7/TurnOnStove/scene_7/candidate_07/rollout_01/TurnOnStove_epoch_rollout_01.mp4
search,TurnOnStove,7,7,2,107072,False,policy_failure,,TurnOnStove_scene7/TurnOnStove/scene_7/candidate_07/rollout_02/TurnOnStove_epoch_rollout_02.mp4,/home/cwl/桌面/SkillBasin/GateA_artifacts/gate_a_20260912_r2/TurnOnStove_scene7/TurnOnStove/scene_7/candidate_07/rollout_02/TurnOnStove_epoch_rollout_02.mp4
search,TurnOnStove,7,11,0,107110,False,policy_failure,,TurnOnStove_scene7/TurnOnStove/scene_7/candidate_11/rollout_00/TurnOnStove_epoch_rollout_00.mp4,/home/cwl/桌面/SkillBasin/GateA_artifacts/gate_a_20260912_r2/TurnOnStove_scene7/TurnOnStove/scene_7/candidate_11/rollout_00/TurnOnStove_epoch_rollout_00.mp4
search,TurnOnStove,7,11,1,107111,False,policy_failure,,TurnOnStove_scene7/TurnOnStove/scene_7/candidate_11/rollout_01/TurnOnStove_epoch_rollout_01.mp4,/home/cwl/桌面/SkillBasin/GateA_artifacts/gate_a_20260912_r2/TurnOnStove_scene7/TurnOnStove/scene_7/candidate_11/rollout_01/TurnOnStove_epoch_rollout_01.mp4
search,TurnOnStove,7,11,2,107112,False,policy_failure,,TurnOnStove_scene7/TurnOnStove/scene_7/candidate_11/rollout_02/TurnOnStove_epoch_rollout_02.mp4,/home/cwl/桌面/SkillBasin/GateA_artifacts/gate_a_20260912_r2/TurnOnStove_scene7/TurnOnStove/scene_7/candidate_11/rollout_02/TurnOnStove_epoch_rollout_02.mp4
search,TurnOnStove,7,14,0,107140,False,policy_failure,,TurnOnStove_scene7/TurnOnStove/scene_7/candidate_14/rollout_00/TurnOnStove_epoch_rollout_00.mp4,/home/cwl/桌面/SkillBasin/GateA_artifacts/gate_a_20260912_r2/TurnOnStove_scene7/TurnOnStove/scene_7/candidate_14/rollout_00/TurnOnStove_epoch_rollout_00.mp4
search,TurnOnStove,7,14,1,107141,False,policy_failure,,TurnOnStove_scene7/TurnOnStove/scene_7/candidate_14/rollout_01/TurnOnStove_epoch_rollout_01.mp4,/home/cwl/桌面/SkillBasin/GateA_artifacts/gate_a_20260912_r2/TurnOnStove_scene7/TurnOnStove/scene_7/candidate_14/rollout_01/TurnOnStove_epoch_rollout_01.mp4
search,TurnOnStove,7,14,2,107142,False,policy_failure,,TurnOnStove_scene7/TurnOnStove/scene_7/candidate_14/rollout_02/TurnOnStove_epoch_rollout_02.mp4,/home/cwl/桌面/SkillBasin/GateA_artifacts/gate_a_20260912_r2/TurnOnStove_scene7/TurnOnStove/scene_7/candidate_14/rollout_02/TurnOnStove_epoch_rollout_02.mp4
search,TurnOnStove,7,16,0,107160,False,policy_failure,,TurnOnStove_scene7/TurnOnStove/scene_7/candidate_16/rollout_00/TurnOnStove_epoch_rollout_00.mp4,/home/cwl/桌面/SkillBasin/GateA_artifacts/gate_a_20260912_r2/TurnOnStove_scene7/TurnOnStove/scene_7/candidate_16/rollout_00/TurnOnStove_epoch_rollout_00.mp4
search,TurnOnStove,7,16,1,107161,False,policy_failure,,TurnOnStove_scene7/TurnOnStove/scene_7/candidate_16/rollout_01/TurnOnStove_epoch_rollout_01.mp4,/home/cwl/桌面/SkillBasin/GateA_artifacts/gate_a_20260912_r2/TurnOnStove_scene7/TurnOnStove/scene_7/candidate_16/rollout_01/TurnOnStove_epoch_rollout_01.mp4
search,TurnOnStove,7,16,2,107162,False,policy_failure,,TurnOnStove_scene7/TurnOnStove/scene_7/candidate_16/rollout_02/TurnOnStove_epoch_rollout_02.mp4,/home/cwl/桌面/SkillBasin/GateA_artifacts/gate_a_20260912_r2/TurnOnStove_scene7/TurnOnStove/scene_7/candidate_16/rollout_02/TurnOnStove_epoch_rollout_02.mp4
search,TurnOnStove,7,17,0,107170,False,policy_failure,,TurnOnStove_scene7/TurnOnStove/scene_7/candidate_17/rollout_00/TurnOnStove_epoch_rollout_00.mp4,/home/cwl/桌面/SkillBasin/GateA_artifacts/gate_a_20260912_r2/TurnOnStove_scene7/TurnOnStove/scene_7/candidate_17/rollout_00/TurnOnStove_epoch_rollout_00.mp4
search,TurnOnStove,7,17,1,107171,False,policy_failure,,TurnOnStove_scene7/TurnOnStove/scene_7/candidate_17/rollout_01/TurnOnStove_epoch_rollout_01.mp4,/home/cwl/桌面/SkillBasin/GateA_artifacts/gate_a_20260912_r2/TurnOnStove_scene7/TurnOnStove/scene_7/candidate_17/rollout_01/TurnOnStove_epoch_rollout_01.mp4
search,TurnOnStove,7,17,2,107172,False,policy_failure,,TurnOnStove_scene7/TurnOnStove/scene_7/candidate_17/rollout_02/TurnOnStove_epoch_rollout_02.mp4,/home/cwl/桌面/SkillBasin/GateA_artifacts/gate_a_20260912_r2/TurnOnStove_scene7/TurnOnStove/scene_7/candidate_17/rollout_02/TurnOnStove_epoch_rollout_02.mp4
search,TurnOnStove,7,21,0,107210,False,policy_failure,,TurnOnStove_scene7/TurnOnStove/scene_7/candidate_21/rollout_00/TurnOnStove_epoch_rollout_00.mp4,/home/cwl/桌面/SkillBasin/GateA_artifacts/gate_a_20260912_r2/TurnOnStove_scene7/TurnOnStove/scene_7/candidate_21/rollout_00/TurnOnStove_epoch_rollout_00.mp4
search,TurnOnStove,7,21,1,107211,False,policy_failure,,TurnOnStove_scene7/TurnOnStove/scene_7/candidate_21/rollout_01/TurnOnStove_epoch_rollout_01.mp4,/home/cwl/桌面/SkillBasin/GateA_artifacts/gate_a_20260912_r2/TurnOnStove_scene7/TurnOnStove/scene_7/candidate_21/rollout_01/TurnOnStove_epoch_rollout_01.mp4
search,TurnOnStove,7,21,2,107212,False,policy_failure,,TurnOnStove_scene7/TurnOnStove/scene_7/candidate_21/rollout_02/TurnOnStove_epoch_rollout_02.mp4,/home/cwl/桌面/SkillBasin/GateA_artifacts/gate_a_20260912_r2/TurnOnStove_scene7/TurnOnStove/scene_7/candidate_21/rollout_02/TurnOnStove_epoch_rollout_02.mp4
search,TurnOnStove,7,22,0,107220,False,policy_failure,,TurnOnStove_scene7/TurnOnStove/scene_7/candidate_22/rollout_00/TurnOnStove_epoch_rollout_00.mp4,/home/cwl/桌面/SkillBasin/GateA_artifacts/gate_a_20260912_r2/TurnOnStove_scene7/TurnOnStove/scene_7/candidate_22/rollout_00/TurnOnStove_epoch_rollout_00.mp4
search,TurnOnStove,7,22,1,107221,False,policy_failure,,TurnOnStove_scene7/TurnOnStove/scene_7/candidate_22/rollout_01/TurnOnStove_epoch_rollout_01.mp4,/home/cwl/桌面/SkillBasin/GateA_artifacts/gate_a_20260912_r2/TurnOnStove_scene7/TurnOnStove/scene_7/candidate_22/rollout_01/TurnOnStove_epoch_rollout_01.mp4
search,TurnOnStove,7,22,2,107222,False,policy_failure,,TurnOnStove_scene7/TurnOnStove/scene_7/candidate_22/rollout_02/TurnOnStove_epoch_rollout_02.mp4,/home/cwl/桌面/SkillBasin/GateA_artifacts/gate_a_20260912_r2/TurnOnStove_scene7/TurnOnStove/scene_7/candidate_22/rollout_02/TurnOnStove_epoch_rollout_02.mp4
search,TurnOnStove,7,23,0,107230,False,policy_failure,,TurnOnStove_scene7/TurnOnStove/scene_7/candidate_23/rollout_00/TurnOnStove_epoch_rollout_00.mp4,/home/cwl/桌面/SkillBasin/GateA_artifacts/gate_a_20260912_r2/TurnOnStove_scene7/TurnOnStove/scene_7/candidate_23/rollout_00/TurnOnStove_epoch_rollout_00.mp4
search,TurnOnStove,7,23,1,107231,False,policy_failure,,TurnOnStove_scene7/TurnOnStove/scene_7/candidate_23/rollout_01/TurnOnStove_epoch_rollout_01.mp4,/home/cwl/桌面/SkillBasin/GateA_artifacts/gate_a_20260912_r2/TurnOnStove_scene7/TurnOnStove/scene_7/candidate_23/rollout_01/TurnOnStove_epoch_rollout_01.mp4
search,TurnOnStove,7,23,2,107232,False,policy_failure,,TurnOnStove_scene7/TurnOnStove/scene_7/candidate_23/rollout_02/TurnOnStove_epoch_rollout_02.mp4,/home/cwl/桌面/SkillBasin/GateA_artifacts/gate_a_20260912_r2/TurnOnStove_scene7/TurnOnStove/scene_7/candidate_23/rollout_02/TurnOnStove_epoch_rollout_02.mp4
search,TurnOnStove,7,25,0,107250,False,policy_failure,,TurnOnStove_scene7/TurnOnStove/scene_7/candidate_25/rollout_00/TurnOnStove_epoch_rollout_00.mp4,/home/cwl/桌面/SkillBasin/GateA_artifacts/gate_a_20260912_r2/TurnOnStove_scene7/TurnOnStove/scene_7/candidate_25/rollout_00/TurnOnStove_epoch_rollout_00.mp4
search,TurnOnStove,7,25,1,107251,False,policy_failure,,TurnOnStove_scene7/TurnOnStove/scene_7/candidate_25/rollout_01/TurnOnStove_epoch_rollout_01.mp4,/home/cwl/桌面/SkillBasin/GateA_artifacts/gate_a_20260912_r2/TurnOnStove_scene7/TurnOnStove/scene_7/candidate_25/rollout_01/TurnOnStove_epoch_rollout_01.mp4
search,TurnOnStove,7,25,2,107252,False,policy_failure,,TurnOnStove_scene7/TurnOnStove/scene_7/candidate_25/rollout_02/TurnOnStove_epoch_rollout_02.mp4,/home/cwl/桌面/SkillBasin/GateA_artifacts/gate_a_20260912_r2/TurnOnStove_scene7/TurnOnStove/scene_7/candidate_25/rollout_02/TurnOnStove_epoch_rollout_02.mp4
validation,TurnOnSinkFaucet,1,0,0,900101000,False,policy_failure,p_ref+p_star,TurnOnSinkFaucet_scene1/TurnOnSinkFaucet/scene_1/validation_candidate_00/rollout_00/TurnOnSinkFaucet_epoch_rollout_00.mp4,/home/cwl/桌面/SkillBasin/GateA_artifacts/gate_a_20260912_r2/TurnOnSinkFaucet_scene1/TurnOnSinkFaucet/scene_1/validation_candidate_00/rollout_00/TurnOnSinkFaucet_epoch_rollout_00.mp4
validation,TurnOnSinkFaucet,1,0,1,900101001,False,policy_failure,p_ref+p_star,TurnOnSinkFaucet_scene1/TurnOnSinkFaucet/scene_1/validation_candidate_00/rollout_01/TurnOnSinkFaucet_epoch_rollout_01.mp4,/home/cwl/桌面/SkillBasin/GateA_artifacts/gate_a_20260912_r2/TurnOnSinkFaucet_scene1/TurnOnSinkFaucet/scene_1/validation_candidate_00/rollout_01/TurnOnSinkFaucet_epoch_rollout_01.mp4
validation,TurnOnSinkFaucet,1,0,2,900101002,False,policy_failure,p_ref+p_star,TurnOnSinkFaucet_scene1/TurnOnSinkFaucet/scene_1/validation_candidate_00/rollout_02/TurnOnSinkFaucet_epoch_rollout_02.mp4,/home/cwl/桌面/SkillBasin/GateA_artifacts/gate_a_20260912_r2/TurnOnSinkFaucet_scene1/TurnOnSinkFaucet/scene_1/validation_candidate_00/rollout_02/TurnOnSinkFaucet_epoch_rollout_02.mp4
validation,TurnOnSinkFaucet,1,0,3,900101003,False,policy_failure,p_ref+p_star,TurnOnSinkFaucet_scene1/TurnOnSinkFaucet/scene_1/validation_candidate_00/rollout_03/TurnOnSinkFaucet_epoch_rollout_03.mp4,/home/cwl/桌面/SkillBasin/GateA_artifacts/gate_a_20260912_r2/TurnOnSinkFaucet_scene1/TurnOnSinkFaucet/scene_1/validation_candidate_00/rollout_03/TurnOnSinkFaucet_epoch_rollout_03.mp4
validation,TurnOnSinkFaucet,1,0,4,900101004,True,success,p_ref+p_star,TurnOnSinkFaucet_scene1/TurnOnSinkFaucet/scene_1/validation_candidate_00/rollout_04/TurnOnSinkFaucet_epoch_rollout_04.mp4,/home/cwl/桌面/SkillBasin/GateA_artifacts/gate_a_20260912_r2/TurnOnSinkFaucet_scene1/TurnOnSinkFaucet/scene_1/validation_candidate_00/rollout_04/TurnOnSinkFaucet_epoch_rollout_04.mp4
validation,TurnOnSinkFaucet,1,0,5,900101005,False,policy_failure,p_ref+p_star,TurnOnSinkFaucet_scene1/TurnOnSinkFaucet/scene_1/validation_candidate_00/rollout_05/TurnOnSinkFaucet_epoch_rollout_05.mp4,/home/cwl/桌面/SkillBasin/GateA_artifacts/gate_a_20260912_r2/TurnOnSinkFaucet_scene1/TurnOnSinkFaucet/scene_1/validation_candidate_00/rollout_05/TurnOnSinkFaucet_epoch_rollout_05.mp4
validation,TurnOnSinkFaucet,1,0,6,900101006,True,success,p_ref+p_star,TurnOnSinkFaucet_scene1/TurnOnSinkFaucet/scene_1/validation_candidate_00/rollout_06/TurnOnSinkFaucet_epoch_rollout_06.mp4,/home/cwl/桌面/SkillBasin/GateA_artifacts/gate_a_20260912_r2/TurnOnSinkFaucet_scene1/TurnOnSinkFaucet/scene_1/validation_candidate_00/rollout_06/TurnOnSinkFaucet_epoch_rollout_06.mp4
validation,TurnOnSinkFaucet,1,0,7,900101007,True,success,p_ref+p_star,TurnOnSinkFaucet_scene1/TurnOnSinkFaucet/scene_1/validation_candidate_00/rollout_07/TurnOnSinkFaucet_epoch_rollout_07.mp4,/home/cwl/桌面/SkillBasin/GateA_artifacts/gate_a_20260912_r2/TurnOnSinkFaucet_scene1/TurnOnSinkFaucet/scene_1/validation_candidate_00/rollout_07/TurnOnSinkFaucet_epoch_rollout_07.mp4
validation,TurnOnSinkFaucet,1,0,8,900101008,False,policy_failure,p_ref+p_star,TurnOnSinkFaucet_scene1/TurnOnSinkFaucet/scene_1/validation_candidate_00/rollout_08/TurnOnSinkFaucet_epoch_rollout_08.mp4,/home/cwl/桌面/SkillBasin/GateA_artifacts/gate_a_20260912_r2/TurnOnSinkFaucet_scene1/TurnOnSinkFaucet/scene_1/validation_candidate_00/rollout_08/TurnOnSinkFaucet_epoch_rollout_08.mp4
validation,TurnOnSinkFaucet,1,0,9,900101009,True,success,p_ref+p_star,TurnOnSinkFaucet_scene1/TurnOnSinkFaucet/scene_1/validation_candidate_00/rollout_09/TurnOnSinkFaucet_epoch_rollout_09.mp4,/home/cwl/桌面/SkillBasin/GateA_artifacts/gate_a_20260912_r2/TurnOnSinkFaucet_scene1/TurnOnSinkFaucet/scene_1/validation_candidate_00/rollout_09/TurnOnSinkFaucet_epoch_rollout_09.mp4
validation,TurnOnSinkFaucet,1,0,10,900101010,False,policy_failure,p_ref+p_star,TurnOnSinkFaucet_scene1/TurnOnSinkFaucet/scene_1/validation_candidate_00/rollout_10/TurnOnSinkFaucet_epoch_rollout_10.mp4,/home/cwl/桌面/SkillBasin/GateA_artifacts/gate_a_20260912_r2/TurnOnSinkFaucet_scene1/TurnOnSinkFaucet/scene_1/validation_candidate_00/rollout_10/TurnOnSinkFaucet_epoch_rollout_10.mp4
validation,TurnOnSinkFaucet,1,0,11,900101011,True,success,p_ref+p_star,TurnOnSinkFaucet_scene1/TurnOnSinkFaucet/scene_1/validation_candidate_00/rollout_11/TurnOnSinkFaucet_epoch_rollout_11.mp4,/home/cwl/桌面/SkillBasin/GateA_artifacts/gate_a_20260912_r2/TurnOnSinkFaucet_scene1/TurnOnSinkFaucet/scene_1/validation_candidate_00/rollout_11/TurnOnSinkFaucet_epoch_rollout_11.mp4
validation,TurnOnSinkFaucet,1,0,12,900101012,True,success,p_ref+p_star,TurnOnSinkFaucet_scene1/TurnOnSinkFaucet/scene_1/validation_candidate_00/rollout_12/TurnOnSinkFaucet_epoch_rollout_12.mp4,/home/cwl/桌面/SkillBasin/GateA_artifacts/gate_a_20260912_r2/TurnOnSinkFaucet_scene1/TurnOnSinkFaucet/scene_1/validation_candidate_00/rollout_12/TurnOnSinkFaucet_epoch_rollout_12.mp4
validation,TurnOnSinkFaucet,1,0,13,900101013,False,policy_failure,p_ref+p_star,TurnOnSinkFaucet_scene1/TurnOnSinkFaucet/scene_1/validation_candidate_00/rollout_13/TurnOnSinkFaucet_epoch_rollout_13.mp4,/home/cwl/桌面/SkillBasin/GateA_artifacts/gate_a_20260912_r2/TurnOnSinkFaucet_scene1/TurnOnSinkFaucet/scene_1/validation_candidate_00/rollout_13/TurnOnSinkFaucet_epoch_rollout_13.mp4
validation,TurnOnSinkFaucet,1,0,14,900101014,True,success,p_ref+p_star,TurnOnSinkFaucet_scene1/TurnOnSinkFaucet/scene_1/validation_candidate_00/rollout_14/TurnOnSinkFaucet_epoch_rollout_14.mp4,/home/cwl/桌面/SkillBasin/GateA_artifacts/gate_a_20260912_r2/TurnOnSinkFaucet_scene1/TurnOnSinkFaucet/scene_1/validation_candidate_00/rollout_14/TurnOnSinkFaucet_epoch_rollout_14.mp4
validation,TurnOnSinkFaucet,1,0,15,900101015,True,success,p_ref+p_star,TurnOnSinkFaucet_scene1/TurnOnSinkFaucet/scene_1/validation_candidate_00/rollout_15/TurnOnSinkFaucet_epoch_rollout_15.mp4,/home/cwl/桌面/SkillBasin/GateA_artifacts/gate_a_20260912_r2/TurnOnSinkFaucet_scene1/TurnOnSinkFaucet/scene_1/validation_candidate_00/rollout_15/TurnOnSinkFaucet_epoch_rollout_15.mp4
validation,TurnOnSinkFaucet,1,0,16,900101016,True,success,p_ref+p_star,TurnOnSinkFaucet_scene1/TurnOnSinkFaucet/scene_1/validation_candidate_00/rollout_16/TurnOnSinkFaucet_epoch_rollout_16.mp4,/home/cwl/桌面/SkillBasin/GateA_artifacts/gate_a_20260912_r2/TurnOnSinkFaucet_scene1/TurnOnSinkFaucet/scene_1/validation_candidate_00/rollout_16/TurnOnSinkFaucet_epoch_rollout_16.mp4
validation,TurnOnSinkFaucet,1,0,17,900101017,True,success,p_ref+p_star,TurnOnSinkFaucet_scene1/TurnOnSinkFaucet/scene_1/validation_candidate_00/rollout_17/TurnOnSinkFaucet_epoch_rollout_17.mp4,/home/cwl/桌面/SkillBasin/GateA_artifacts/gate_a_20260912_r2/TurnOnSinkFaucet_scene1/TurnOnSinkFaucet/scene_1/validation_candidate_00/rollout_17/TurnOnSinkFaucet_epoch_rollout_17.mp4
validation,TurnOnSinkFaucet,1,0,18,900101018,True,success,p_ref+p_star,TurnOnSinkFaucet_scene1/TurnOnSinkFaucet/scene_1/validation_candidate_00/rollout_18/TurnOnSinkFaucet_epoch_rollout_18.mp4,/home/cwl/桌面/SkillBasin/GateA_artifacts/gate_a_20260912_r2/TurnOnSinkFaucet_scene1/TurnOnSinkFaucet/scene_1/validation_candidate_00/rollout_18/TurnOnSinkFaucet_epoch_rollout_18.mp4
validation,TurnOnSinkFaucet,1,0,19,900101019,True,success,p_ref+p_star,TurnOnSinkFaucet_scene1/TurnOnSinkFaucet/scene_1/validation_candidate_00/rollout_19/TurnOnSinkFaucet_epoch_rollout_19.mp4,/home/cwl/桌面/SkillBasin/GateA_artifacts/gate_a_20260912_r2/TurnOnSinkFaucet_scene1/TurnOnSinkFaucet/scene_1/validation_candidate_00/rollout_19/TurnOnSinkFaucet_epoch_rollout_19.mp4
validation,TurnOnSinkFaucet,1,1,0,900101020,False,policy_failure,p_near+p_IK,TurnOnSinkFaucet_scene1/TurnOnSinkFaucet/scene_1/validation_candidate_01/rollout_00/TurnOnSinkFaucet_epoch_rollout_00.mp4,/home/cwl/桌面/SkillBasin/GateA_artifacts/gate_a_20260912_r2/TurnOnSinkFaucet_scene1/TurnOnSinkFaucet/scene_1/validation_candidate_01/rollout_00/TurnOnSinkFaucet_epoch_rollout_00.mp4
validation,TurnOnSinkFaucet,1,1,1,900101021,False,policy_failure,p_near+p_IK,TurnOnSinkFaucet_scene1/TurnOnSinkFaucet/scene_1/validation_candidate_01/rollout_01/TurnOnSinkFaucet_epoch_rollout_01.mp4,/home/cwl/桌面/SkillBasin/GateA_artifacts/gate_a_20260912_r2/TurnOnSinkFaucet_scene1/TurnOnSinkFaucet/scene_1/validation_candidate_01/rollout_01/TurnOnSinkFaucet_epoch_rollout_01.mp4
validation,TurnOnSinkFaucet,1,1,2,900101022,True,success,p_near+p_IK,TurnOnSinkFaucet_scene1/TurnOnSinkFaucet/scene_1/validation_candidate_01/rollout_02/TurnOnSinkFaucet_epoch_rollout_02.mp4,/home/cwl/桌面/SkillBasin/GateA_artifacts/gate_a_20260912_r2/TurnOnSinkFaucet_scene1/TurnOnSinkFaucet/scene_1/validation_candidate_01/rollout_02/TurnOnSinkFaucet_epoch_rollout_02.mp4
validation,TurnOnSinkFaucet,1,1,3,900101023,False,policy_failure,p_near+p_IK,TurnOnSinkFaucet_scene1/TurnOnSinkFaucet/scene_1/validation_candidate_01/rollout_03/TurnOnSinkFaucet_epoch_rollout_03.mp4,/home/cwl/桌面/SkillBasin/GateA_artifacts/gate_a_20260912_r2/TurnOnSinkFaucet_scene1/TurnOnSinkFaucet/scene_1/validation_candidate_01/rollout_03/TurnOnSinkFaucet_epoch_rollout_03.mp4
validation,TurnOnSinkFaucet,1,1,4,900101024,False,policy_failure,p_near+p_IK,TurnOnSinkFaucet_scene1/TurnOnSinkFaucet/scene_1/validation_candidate_01/rollout_04/TurnOnSinkFaucet_epoch_rollout_04.mp4,/home/cwl/桌面/SkillBasin/GateA_artifacts/gate_a_20260912_r2/TurnOnSinkFaucet_scene1/TurnOnSinkFaucet/scene_1/validation_candidate_01/rollout_04/TurnOnSinkFaucet_epoch_rollout_04.mp4
validation,TurnOnSinkFaucet,1,1,5,900101025,False,policy_failure,p_near+p_IK,TurnOnSinkFaucet_scene1/TurnOnSinkFaucet/scene_1/validation_candidate_01/rollout_05/TurnOnSinkFaucet_epoch_rollout_05.mp4,/home/cwl/桌面/SkillBasin/GateA_artifacts/gate_a_20260912_r2/TurnOnSinkFaucet_scene1/TurnOnSinkFaucet/scene_1/validation_candidate_01/rollout_05/TurnOnSinkFaucet_epoch_rollout_05.mp4
validation,TurnOnSinkFaucet,1,1,6,900101026,False,policy_failure,p_near+p_IK,TurnOnSinkFaucet_scene1/TurnOnSinkFaucet/scene_1/validation_candidate_01/rollout_06/TurnOnSinkFaucet_epoch_rollout_06.mp4,/home/cwl/桌面/SkillBasin/GateA_artifacts/gate_a_20260912_r2/TurnOnSinkFaucet_scene1/TurnOnSinkFaucet/scene_1/validation_candidate_01/rollout_06/TurnOnSinkFaucet_epoch_rollout_06.mp4
validation,TurnOnSinkFaucet,1,1,7,900101027,False,policy_failure,p_near+p_IK,TurnOnSinkFaucet_scene1/TurnOnSinkFaucet/scene_1/validation_candidate_01/rollout_07/TurnOnSinkFaucet_epoch_rollout_07.mp4,/home/cwl/桌面/SkillBasin/GateA_artifacts/gate_a_20260912_r2/TurnOnSinkFaucet_scene1/TurnOnSinkFaucet/scene_1/validation_candidate_01/rollout_07/TurnOnSinkFaucet_epoch_rollout_07.mp4
validation,TurnOnSinkFaucet,1,1,8,900101028,False,policy_failure,p_near+p_IK,TurnOnSinkFaucet_scene1/TurnOnSinkFaucet/scene_1/validation_candidate_01/rollout_08/TurnOnSinkFaucet_epoch_rollout_08.mp4,/home/cwl/桌面/SkillBasin/GateA_artifacts/gate_a_20260912_r2/TurnOnSinkFaucet_scene1/TurnOnSinkFaucet/scene_1/validation_candidate_01/rollout_08/TurnOnSinkFaucet_epoch_rollout_08.mp4
validation,TurnOnSinkFaucet,1,1,9,900101029,False,policy_failure,p_near+p_IK,TurnOnSinkFaucet_scene1/TurnOnSinkFaucet/scene_1/validation_candidate_01/rollout_09/TurnOnSinkFaucet_epoch_rollout_09.mp4,/home/cwl/桌面/SkillBasin/GateA_artifacts/gate_a_20260912_r2/TurnOnSinkFaucet_scene1/TurnOnSinkFaucet/scene_1/validation_candidate_01/rollout_09/TurnOnSinkFaucet_epoch_rollout_09.mp4
validation,TurnOnSinkFaucet,1,1,10,900101030,False,policy_failure,p_near+p_IK,TurnOnSinkFaucet_scene1/TurnOnSinkFaucet/scene_1/validation_candidate_01/rollout_10/TurnOnSinkFaucet_epoch_rollout_10.mp4,/home/cwl/桌面/SkillBasin/GateA_artifacts/gate_a_20260912_r2/TurnOnSinkFaucet_scene1/TurnOnSinkFaucet/scene_1/validation_candidate_01/rollout_10/TurnOnSinkFaucet_epoch_rollout_10.mp4
validation,TurnOnSinkFaucet,1,1,11,900101031,False,policy_failure,p_near+p_IK,TurnOnSinkFaucet_scene1/TurnOnSinkFaucet/scene_1/validation_candidate_01/rollout_11/TurnOnSinkFaucet_epoch_rollout_11.mp4,/home/cwl/桌面/SkillBasin/GateA_artifacts/gate_a_20260912_r2/TurnOnSinkFaucet_scene1/TurnOnSinkFaucet/scene_1/validation_candidate_01/rollout_11/TurnOnSinkFaucet_epoch_rollout_11.mp4
validation,TurnOnSinkFaucet,1,1,12,900101032,False,policy_failure,p_near+p_IK,TurnOnSinkFaucet_scene1/TurnOnSinkFaucet/scene_1/validation_candidate_01/rollout_12/TurnOnSinkFaucet_epoch_rollout_12.mp4,/home/cwl/桌面/SkillBasin/GateA_artifacts/gate_a_20260912_r2/TurnOnSinkFaucet_scene1/TurnOnSinkFaucet/scene_1/validation_candidate_01/rollout_12/TurnOnSinkFaucet_epoch_rollout_12.mp4
validation,TurnOnSinkFaucet,1,1,13,900101033,False,policy_failure,p_near+p_IK,TurnOnSinkFaucet_scene1/TurnOnSinkFaucet/scene_1/validation_candidate_01/rollout_13/TurnOnSinkFaucet_epoch_rollout_13.mp4,/home/cwl/桌面/SkillBasin/GateA_artifacts/gate_a_20260912_r2/TurnOnSinkFaucet_scene1/TurnOnSinkFaucet/scene_1/validation_candidate_01/rollout_13/TurnOnSinkFaucet_epoch_rollout_13.mp4
validation,TurnOnSinkFaucet,1,1,14,900101034,False,policy_failure,p_near+p_IK,TurnOnSinkFaucet_scene1/TurnOnSinkFaucet/scene_1/validation_candidate_01/rollout_14/TurnOnSinkFaucet_epoch_rollout_14.mp4,/home/cwl/桌面/SkillBasin/GateA_artifacts/gate_a_20260912_r2/TurnOnSinkFaucet_scene1/TurnOnSinkFaucet/scene_1/validation_candidate_01/rollout_14/TurnOnSinkFaucet_epoch_rollout_14.mp4
validation,TurnOnSinkFaucet,1,1,15,900101035,False,policy_failure,p_near+p_IK,TurnOnSinkFaucet_scene1/TurnOnSinkFaucet/scene_1/validation_candidate_01/rollout_15/TurnOnSinkFaucet_epoch_rollout_15.mp4,/home/cwl/桌面/SkillBasin/GateA_artifacts/gate_a_20260912_r2/TurnOnSinkFaucet_scene1/TurnOnSinkFaucet/scene_1/validation_candidate_01/rollout_15/TurnOnSinkFaucet_epoch_rollout_15.mp4
validation,TurnOnSinkFaucet,1,1,16,900101036,False,policy_failure,p_near+p_IK,TurnOnSinkFaucet_scene1/TurnOnSinkFaucet/scene_1/validation_candidate_01/rollout_16/TurnOnSinkFaucet_epoch_rollout_16.mp4,/home/cwl/桌面/SkillBasin/GateA_artifacts/gate_a_20260912_r2/TurnOnSinkFaucet_scene1/TurnOnSinkFaucet/scene_1/validation_candidate_01/rollout_16/TurnOnSinkFaucet_epoch_rollout_16.mp4
validation,TurnOnSinkFaucet,1,1,17,900101037,False,policy_failure,p_near+p_IK,TurnOnSinkFaucet_scene1/TurnOnSinkFaucet/scene_1/validation_candidate_01/rollout_17/TurnOnSinkFaucet_epoch_rollout_17.mp4,/home/cwl/桌面/SkillBasin/GateA_artifacts/gate_a_20260912_r2/TurnOnSinkFaucet_scene1/TurnOnSinkFaucet/scene_1/validation_candidate_01/rollout_17/TurnOnSinkFaucet_epoch_rollout_17.mp4
validation,TurnOnSinkFaucet,1,1,18,900101038,False,policy_failure,p_near+p_IK,TurnOnSinkFaucet_scene1/TurnOnSinkFaucet/scene_1/validation_candidate_01/rollout_18/TurnOnSinkFaucet_epoch_rollout_18.mp4,/home/cwl/桌面/SkillBasin/GateA_artifacts/gate_a_20260912_r2/TurnOnSinkFaucet_scene1/TurnOnSinkFaucet/scene_1/validation_candidate_01/rollout_18/TurnOnSinkFaucet_epoch_rollout_18.mp4
validation,TurnOnSinkFaucet,1,1,19,900101039,False,policy_failure,p_near+p_IK,TurnOnSinkFaucet_scene1/TurnOnSinkFaucet/scene_1/validation_candidate_01/rollout_19/TurnOnSinkFaucet_epoch_rollout_19.mp4,/home/cwl/桌面/SkillBasin/GateA_artifacts/gate_a_20260912_r2/TurnOnSinkFaucet_scene1/TurnOnSinkFaucet/scene_1/validation_candidate_01/rollout_19/TurnOnSinkFaucet_epoch_rollout_19.mp4
validation,TurnOnSinkFaucet,4,0,0,900104000,True,success,p_ref+p_near+p_IK+p_star,TurnOnSinkFaucet_scene4/TurnOnSinkFaucet/scene_4/validation_candidate_00/rollout_00/TurnOnSinkFaucet_epoch_rollout_00.mp4,/home/cwl/桌面/SkillBasin/GateA_artifacts/gate_a_20260912_r2/TurnOnSinkFaucet_scene4/TurnOnSinkFaucet/scene_4/validation_candidate_00/rollout_00/TurnOnSinkFaucet_epoch_rollout_00.mp4
validation,TurnOnSinkFaucet,4,0,1,900104001,True,success,p_ref+p_near+p_IK+p_star,TurnOnSinkFaucet_scene4/TurnOnSinkFaucet/scene_4/validation_candidate_00/rollout_01/TurnOnSinkFaucet_epoch_rollout_01.mp4,/home/cwl/桌面/SkillBasin/GateA_artifacts/gate_a_20260912_r2/TurnOnSinkFaucet_scene4/TurnOnSinkFaucet/scene_4/validation_candidate_00/rollout_01/TurnOnSinkFaucet_epoch_rollout_01.mp4
validation,TurnOnSinkFaucet,4,0,2,900104002,True,success,p_ref+p_near+p_IK+p_star,TurnOnSinkFaucet_scene4/TurnOnSinkFaucet/scene_4/validation_candidate_00/rollout_02/TurnOnSinkFaucet_epoch_rollout_02.mp4,/home/cwl/桌面/SkillBasin/GateA_artifacts/gate_a_20260912_r2/TurnOnSinkFaucet_scene4/TurnOnSinkFaucet/scene_4/validation_candidate_00/rollout_02/TurnOnSinkFaucet_epoch_rollout_02.mp4
validation,TurnOnSinkFaucet,4,0,3,900104003,True,success,p_ref+p_near+p_IK+p_star,TurnOnSinkFaucet_scene4/TurnOnSinkFaucet/scene_4/validation_candidate_00/rollout_03/TurnOnSinkFaucet_epoch_rollout_03.mp4,/home/cwl/桌面/SkillBasin/GateA_artifacts/gate_a_20260912_r2/TurnOnSinkFaucet_scene4/TurnOnSinkFaucet/scene_4/validation_candidate_00/rollout_03/TurnOnSinkFaucet_epoch_rollout_03.mp4
validation,TurnOnSinkFaucet,4,0,4,900104004,True,success,p_ref+p_near+p_IK+p_star,TurnOnSinkFaucet_scene4/TurnOnSinkFaucet/scene_4/validation_candidate_00/rollout_04/TurnOnSinkFaucet_epoch_rollout_04.mp4,/home/cwl/桌面/SkillBasin/GateA_artifacts/gate_a_20260912_r2/TurnOnSinkFaucet_scene4/TurnOnSinkFaucet/scene_4/validation_candidate_00/rollout_04/TurnOnSinkFaucet_epoch_rollout_04.mp4
validation,TurnOnSinkFaucet,4,0,5,900104005,True,success,p_ref+p_near+p_IK+p_star,TurnOnSinkFaucet_scene4/TurnOnSinkFaucet/scene_4/validation_candidate_00/rollout_05/TurnOnSinkFaucet_epoch_rollout_05.mp4,/home/cwl/桌面/SkillBasin/GateA_artifacts/gate_a_20260912_r2/TurnOnSinkFaucet_scene4/TurnOnSinkFaucet/scene_4/validation_candidate_00/rollout_05/TurnOnSinkFaucet_epoch_rollout_05.mp4
validation,TurnOnSinkFaucet,4,0,6,900104006,True,success,p_ref+p_near+p_IK+p_star,TurnOnSinkFaucet_scene4/TurnOnSinkFaucet/scene_4/validation_candidate_00/rollout_06/TurnOnSinkFaucet_epoch_rollout_06.mp4,/home/cwl/桌面/SkillBasin/GateA_artifacts/gate_a_20260912_r2/TurnOnSinkFaucet_scene4/TurnOnSinkFaucet/scene_4/validation_candidate_00/rollout_06/TurnOnSinkFaucet_epoch_rollout_06.mp4
validation,TurnOnSinkFaucet,4,0,7,900104007,True,success,p_ref+p_near+p_IK+p_star,TurnOnSinkFaucet_scene4/TurnOnSinkFaucet/scene_4/validation_candidate_00/rollout_07/TurnOnSinkFaucet_epoch_rollout_07.mp4,/home/cwl/桌面/SkillBasin/GateA_artifacts/gate_a_20260912_r2/TurnOnSinkFaucet_scene4/TurnOnSinkFaucet/scene_4/validation_candidate_00/rollout_07/TurnOnSinkFaucet_epoch_rollout_07.mp4
validation,TurnOnSinkFaucet,4,0,8,900104008,True,success,p_ref+p_near+p_IK+p_star,TurnOnSinkFaucet_scene4/TurnOnSinkFaucet/scene_4/validation_candidate_00/rollout_08/TurnOnSinkFaucet_epoch_rollout_08.mp4,/home/cwl/桌面/SkillBasin/GateA_artifacts/gate_a_20260912_r2/TurnOnSinkFaucet_scene4/TurnOnSinkFaucet/scene_4/validation_candidate_00/rollout_08/TurnOnSinkFaucet_epoch_rollout_08.mp4
validation,TurnOnSinkFaucet,4,0,9,900104009,True,success,p_ref+p_near+p_IK+p_star,TurnOnSinkFaucet_scene4/TurnOnSinkFaucet/scene_4/validation_candidate_00/rollout_09/TurnOnSinkFaucet_epoch_rollout_09.mp4,/home/cwl/桌面/SkillBasin/GateA_artifacts/gate_a_20260912_r2/TurnOnSinkFaucet_scene4/TurnOnSinkFaucet/scene_4/validation_candidate_00/rollout_09/TurnOnSinkFaucet_epoch_rollout_09.mp4
validation,TurnOnSinkFaucet,4,0,10,900104010,True,success,p_ref+p_near+p_IK+p_star,TurnOnSinkFaucet_scene4/TurnOnSinkFaucet/scene_4/validation_candidate_00/rollout_10/TurnOnSinkFaucet_epoch_rollout_10.mp4,/home/cwl/桌面/SkillBasin/GateA_artifacts/gate_a_20260912_r2/TurnOnSinkFaucet_scene4/TurnOnSinkFaucet/scene_4/validation_candidate_00/rollout_10/TurnOnSinkFaucet_epoch_rollout_10.mp4
validation,TurnOnSinkFaucet,4,0,11,900104011,True,success,p_ref+p_near+p_IK+p_star,TurnOnSinkFaucet_scene4/TurnOnSinkFaucet/scene_4/validation_candidate_00/rollout_11/TurnOnSinkFaucet_epoch_rollout_11.mp4,/home/cwl/桌面/SkillBasin/GateA_artifacts/gate_a_20260912_r2/TurnOnSinkFaucet_scene4/TurnOnSinkFaucet/scene_4/validation_candidate_00/rollout_11/TurnOnSinkFaucet_epoch_rollout_11.mp4
validation,TurnOnSinkFaucet,4,0,12,900104012,True,success,p_ref+p_near+p_IK+p_star,TurnOnSinkFaucet_scene4/TurnOnSinkFaucet/scene_4/validation_candidate_00/rollout_12/TurnOnSinkFaucet_epoch_rollout_12.mp4,/home/cwl/桌面/SkillBasin/GateA_artifacts/gate_a_20260912_r2/TurnOnSinkFaucet_scene4/TurnOnSinkFaucet/scene_4/validation_candidate_00/rollout_12/TurnOnSinkFaucet_epoch_rollout_12.mp4
validation,TurnOnSinkFaucet,4,0,13,900104013,True,success,p_ref+p_near+p_IK+p_star,TurnOnSinkFaucet_scene4/TurnOnSinkFaucet/scene_4/validation_candidate_00/rollout_13/TurnOnSinkFaucet_epoch_rollout_13.mp4,/home/cwl/桌面/SkillBasin/GateA_artifacts/gate_a_20260912_r2/TurnOnSinkFaucet_scene4/TurnOnSinkFaucet/scene_4/validation_candidate_00/rollout_13/TurnOnSinkFaucet_epoch_rollout_13.mp4
validation,TurnOnSinkFaucet,4,0,14,900104014,True,success,p_ref+p_near+p_IK+p_star,TurnOnSinkFaucet_scene4/TurnOnSinkFaucet/scene_4/validation_candidate_00/rollout_14/TurnOnSinkFaucet_epoch_rollout_14.mp4,/home/cwl/桌面/SkillBasin/GateA_artifacts/gate_a_20260912_r2/TurnOnSinkFaucet_scene4/TurnOnSinkFaucet/scene_4/validation_candidate_00/rollout_14/TurnOnSinkFaucet_epoch_rollout_14.mp4
validation,TurnOnSinkFaucet,4,0,15,900104015,True,success,p_ref+p_near+p_IK+p_star,TurnOnSinkFaucet_scene4/TurnOnSinkFaucet/scene_4/validation_candidate_00/rollout_15/TurnOnSinkFaucet_epoch_rollout_15.mp4,/home/cwl/桌面/SkillBasin/GateA_artifacts/gate_a_20260912_r2/TurnOnSinkFaucet_scene4/TurnOnSinkFaucet/scene_4/validation_candidate_00/rollout_15/TurnOnSinkFaucet_epoch_rollout_15.mp4
validation,TurnOnSinkFaucet,4,0,16,900104016,True,success,p_ref+p_near+p_IK+p_star,TurnOnSinkFaucet_scene4/TurnOnSinkFaucet/scene_4/validation_candidate_00/rollout_16/TurnOnSinkFaucet_epoch_rollout_16.mp4,/home/cwl/桌面/SkillBasin/GateA_artifacts/gate_a_20260912_r2/TurnOnSinkFaucet_scene4/TurnOnSinkFaucet/scene_4/validation_candidate_00/rollout_16/TurnOnSinkFaucet_epoch_rollout_16.mp4
validation,TurnOnSinkFaucet,4,0,17,900104017,True,success,p_ref+p_near+p_IK+p_star,TurnOnSinkFaucet_scene4/TurnOnSinkFaucet/scene_4/validation_candidate_00/rollout_17/TurnOnSinkFaucet_epoch_rollout_17.mp4,/home/cwl/桌面/SkillBasin/GateA_artifacts/gate_a_20260912_r2/TurnOnSinkFaucet_scene4/TurnOnSinkFaucet/scene_4/validation_candidate_00/rollout_17/TurnOnSinkFaucet_epoch_rollout_17.mp4
validation,TurnOnSinkFaucet,4,0,18,900104018,True,success,p_ref+p_near+p_IK+p_star,TurnOnSinkFaucet_scene4/TurnOnSinkFaucet/scene_4/validation_candidate_00/rollout_18/TurnOnSinkFaucet_epoch_rollout_18.mp4,/home/cwl/桌面/SkillBasin/GateA_artifacts/gate_a_20260912_r2/TurnOnSinkFaucet_scene4/TurnOnSinkFaucet/scene_4/validation_candidate_00/rollout_18/TurnOnSinkFaucet_epoch_rollout_18.mp4
validation,TurnOnSinkFaucet,4,0,19,900104019,True,success,p_ref+p_near+p_IK+p_star,TurnOnSinkFaucet_scene4/TurnOnSinkFaucet/scene_4/validation_candidate_00/rollout_19/TurnOnSinkFaucet_epoch_rollout_19.mp4,/home/cwl/桌面/SkillBasin/GateA_artifacts/gate_a_20260912_r2/TurnOnSinkFaucet_scene4/TurnOnSinkFaucet/scene_4/validation_candidate_00/rollout_19/TurnOnSinkFaucet_epoch_rollout_19.mp4
validation,TurnOnSinkFaucet,7,0,0,900107000,True,success,p_ref+p_near+p_IK+p_star,TurnOnSinkFaucet_scene7/TurnOnSinkFaucet/scene_7/validation_candidate_00/rollout_00/TurnOnSinkFaucet_epoch_rollout_00.mp4,/home/cwl/桌面/SkillBasin/GateA_artifacts/gate_a_20260912_r2/TurnOnSinkFaucet_scene7/TurnOnSinkFaucet/scene_7/validation_candidate_00/rollout_00/TurnOnSinkFaucet_epoch_rollout_00.mp4
validation,TurnOnSinkFaucet,7,0,1,900107001,True,success,p_ref+p_near+p_IK+p_star,TurnOnSinkFaucet_scene7/TurnOnSinkFaucet/scene_7/validation_candidate_00/rollout_01/TurnOnSinkFaucet_epoch_rollout_01.mp4,/home/cwl/桌面/SkillBasin/GateA_artifacts/gate_a_20260912_r2/TurnOnSinkFaucet_scene7/TurnOnSinkFaucet/scene_7/validation_candidate_00/rollout_01/TurnOnSinkFaucet_epoch_rollout_01.mp4
validation,TurnOnSinkFaucet,7,0,2,900107002,True,success,p_ref+p_near+p_IK+p_star,TurnOnSinkFaucet_scene7/TurnOnSinkFaucet/scene_7/validation_candidate_00/rollout_02/TurnOnSinkFaucet_epoch_rollout_02.mp4,/home/cwl/桌面/SkillBasin/GateA_artifacts/gate_a_20260912_r2/TurnOnSinkFaucet_scene7/TurnOnSinkFaucet/scene_7/validation_candidate_00/rollout_02/TurnOnSinkFaucet_epoch_rollout_02.mp4
validation,TurnOnSinkFaucet,7,0,3,900107003,True,success,p_ref+p_near+p_IK+p_star,TurnOnSinkFaucet_scene7/TurnOnSinkFaucet/scene_7/validation_candidate_00/rollout_03/TurnOnSinkFaucet_epoch_rollout_03.mp4,/home/cwl/桌面/SkillBasin/GateA_artifacts/gate_a_20260912_r2/TurnOnSinkFaucet_scene7/TurnOnSinkFaucet/scene_7/validation_candidate_00/rollout_03/TurnOnSinkFaucet_epoch_rollout_03.mp4
validation,TurnOnSinkFaucet,7,0,4,900107004,True,success,p_ref+p_near+p_IK+p_star,TurnOnSinkFaucet_scene7/TurnOnSinkFaucet/scene_7/validation_candidate_00/rollout_04/TurnOnSinkFaucet_epoch_rollout_04.mp4,/home/cwl/桌面/SkillBasin/GateA_artifacts/gate_a_20260912_r2/TurnOnSinkFaucet_scene7/TurnOnSinkFaucet/scene_7/validation_candidate_00/rollout_04/TurnOnSinkFaucet_epoch_rollout_04.mp4
validation,TurnOnSinkFaucet,7,0,5,900107005,True,success,p_ref+p_near+p_IK+p_star,TurnOnSinkFaucet_scene7/TurnOnSinkFaucet/scene_7/validation_candidate_00/rollout_05/TurnOnSinkFaucet_epoch_rollout_05.mp4,/home/cwl/桌面/SkillBasin/GateA_artifacts/gate_a_20260912_r2/TurnOnSinkFaucet_scene7/TurnOnSinkFaucet/scene_7/validation_candidate_00/rollout_05/TurnOnSinkFaucet_epoch_rollout_05.mp4
validation,TurnOnSinkFaucet,7,0,6,900107006,True,success,p_ref+p_near+p_IK+p_star,TurnOnSinkFaucet_scene7/TurnOnSinkFaucet/scene_7/validation_candidate_00/rollout_06/TurnOnSinkFaucet_epoch_rollout_06.mp4,/home/cwl/桌面/SkillBasin/GateA_artifacts/gate_a_20260912_r2/TurnOnSinkFaucet_scene7/TurnOnSinkFaucet/scene_7/validation_candidate_00/rollout_06/TurnOnSinkFaucet_epoch_rollout_06.mp4
validation,TurnOnSinkFaucet,7,0,7,900107007,True,success,p_ref+p_near+p_IK+p_star,TurnOnSinkFaucet_scene7/TurnOnSinkFaucet/scene_7/validation_candidate_00/rollout_07/TurnOnSinkFaucet_epoch_rollout_07.mp4,/home/cwl/桌面/SkillBasin/GateA_artifacts/gate_a_20260912_r2/TurnOnSinkFaucet_scene7/TurnOnSinkFaucet/scene_7/validation_candidate_00/rollout_07/TurnOnSinkFaucet_epoch_rollout_07.mp4
validation,TurnOnSinkFaucet,7,0,8,900107008,True,success,p_ref+p_near+p_IK+p_star,TurnOnSinkFaucet_scene7/TurnOnSinkFaucet/scene_7/validation_candidate_00/rollout_08/TurnOnSinkFaucet_epoch_rollout_08.mp4,/home/cwl/桌面/SkillBasin/GateA_artifacts/gate_a_20260912_r2/TurnOnSinkFaucet_scene7/TurnOnSinkFaucet/scene_7/validation_candidate_00/rollout_08/TurnOnSinkFaucet_epoch_rollout_08.mp4
validation,TurnOnSinkFaucet,7,0,9,900107009,True,success,p_ref+p_near+p_IK+p_star,TurnOnSinkFaucet_scene7/TurnOnSinkFaucet/scene_7/validation_candidate_00/rollout_09/TurnOnSinkFaucet_epoch_rollout_09.mp4,/home/cwl/桌面/SkillBasin/GateA_artifacts/gate_a_20260912_r2/TurnOnSinkFaucet_scene7/TurnOnSinkFaucet/scene_7/validation_candidate_00/rollout_09/TurnOnSinkFaucet_epoch_rollout_09.mp4
validation,TurnOnSinkFaucet,7,0,10,900107010,True,success,p_ref+p_near+p_IK+p_star,TurnOnSinkFaucet_scene7/TurnOnSinkFaucet/scene_7/validation_candidate_00/rollout_10/TurnOnSinkFaucet_epoch_rollout_10.mp4,/home/cwl/桌面/SkillBasin/GateA_artifacts/gate_a_20260912_r2/TurnOnSinkFaucet_scene7/TurnOnSinkFaucet/scene_7/validation_candidate_00/rollout_10/TurnOnSinkFaucet_epoch_rollout_10.mp4
validation,TurnOnSinkFaucet,7,0,11,900107011,True,success,p_ref+p_near+p_IK+p_star,TurnOnSinkFaucet_scene7/TurnOnSinkFaucet/scene_7/validation_candidate_00/rollout_11/TurnOnSinkFaucet_epoch_rollout_11.mp4,/home/cwl/桌面/SkillBasin/GateA_artifacts/gate_a_20260912_r2/TurnOnSinkFaucet_scene7/TurnOnSinkFaucet/scene_7/validation_candidate_00/rollout_11/TurnOnSinkFaucet_epoch_rollout_11.mp4
validation,TurnOnSinkFaucet,7,0,12,900107012,True,success,p_ref+p_near+p_IK+p_star,TurnOnSinkFaucet_scene7/TurnOnSinkFaucet/scene_7/validation_candidate_00/rollout_12/TurnOnSinkFaucet_epoch_rollout_12.mp4,/home/cwl/桌面/SkillBasin/GateA_artifacts/gate_a_20260912_r2/TurnOnSinkFaucet_scene7/TurnOnSinkFaucet/scene_7/validation_candidate_00/rollout_12/TurnOnSinkFaucet_epoch_rollout_12.mp4
validation,TurnOnSinkFaucet,7,0,13,900107013,True,success,p_ref+p_near+p_IK+p_star,TurnOnSinkFaucet_scene7/TurnOnSinkFaucet/scene_7/validation_candidate_00/rollout_13/TurnOnSinkFaucet_epoch_rollout_13.mp4,/home/cwl/桌面/SkillBasin/GateA_artifacts/gate_a_20260912_r2/TurnOnSinkFaucet_scene7/TurnOnSinkFaucet/scene_7/validation_candidate_00/rollout_13/TurnOnSinkFaucet_epoch_rollout_13.mp4
validation,TurnOnSinkFaucet,7,0,14,900107014,True,success,p_ref+p_near+p_IK+p_star,TurnOnSinkFaucet_scene7/TurnOnSinkFaucet/scene_7/validation_candidate_00/rollout_14/TurnOnSinkFaucet_epoch_rollout_14.mp4,/home/cwl/桌面/SkillBasin/GateA_artifacts/gate_a_20260912_r2/TurnOnSinkFaucet_scene7/TurnOnSinkFaucet/scene_7/validation_candidate_00/rollout_14/TurnOnSinkFaucet_epoch_rollout_14.mp4
validation,TurnOnSinkFaucet,7,0,15,900107015,True,success,p_ref+p_near+p_IK+p_star,TurnOnSinkFaucet_scene7/TurnOnSinkFaucet/scene_7/validation_candidate_00/rollout_15/TurnOnSinkFaucet_epoch_rollout_15.mp4,/home/cwl/桌面/SkillBasin/GateA_artifacts/gate_a_20260912_r2/TurnOnSinkFaucet_scene7/TurnOnSinkFaucet/scene_7/validation_candidate_00/rollout_15/TurnOnSinkFaucet_epoch_rollout_15.mp4
validation,TurnOnSinkFaucet,7,0,16,900107016,True,success,p_ref+p_near+p_IK+p_star,TurnOnSinkFaucet_scene7/TurnOnSinkFaucet/scene_7/validation_candidate_00/rollout_16/TurnOnSinkFaucet_epoch_rollout_16.mp4,/home/cwl/桌面/SkillBasin/GateA_artifacts/gate_a_20260912_r2/TurnOnSinkFaucet_scene7/TurnOnSinkFaucet/scene_7/validation_candidate_00/rollout_16/TurnOnSinkFaucet_epoch_rollout_16.mp4
validation,TurnOnSinkFaucet,7,0,17,900107017,True,success,p_ref+p_near+p_IK+p_star,TurnOnSinkFaucet_scene7/TurnOnSinkFaucet/scene_7/validation_candidate_00/rollout_17/TurnOnSinkFaucet_epoch_rollout_17.mp4,/home/cwl/桌面/SkillBasin/GateA_artifacts/gate_a_20260912_r2/TurnOnSinkFaucet_scene7/TurnOnSinkFaucet/scene_7/validation_candidate_00/rollout_17/TurnOnSinkFaucet_epoch_rollout_17.mp4
validation,TurnOnSinkFaucet,7,0,18,900107018,True,success,p_ref+p_near+p_IK+p_star,TurnOnSinkFaucet_scene7/TurnOnSinkFaucet/scene_7/validation_candidate_00/rollout_18/TurnOnSinkFaucet_epoch_rollout_18.mp4,/home/cwl/桌面/SkillBasin/GateA_artifacts/gate_a_20260912_r2/TurnOnSinkFaucet_scene7/TurnOnSinkFaucet/scene_7/validation_candidate_00/rollout_18/TurnOnSinkFaucet_epoch_rollout_18.mp4
validation,TurnOnSinkFaucet,7,0,19,900107019,True,success,p_ref+p_near+p_IK+p_star,TurnOnSinkFaucet_scene7/TurnOnSinkFaucet/scene_7/validation_candidate_00/rollout_19/TurnOnSinkFaucet_epoch_rollout_19.mp4,/home/cwl/桌面/SkillBasin/GateA_artifacts/gate_a_20260912_r2/TurnOnSinkFaucet_scene7/TurnOnSinkFaucet/scene_7/validation_candidate_00/rollout_19/TurnOnSinkFaucet_epoch_rollout_19.mp4
validation,TurnOnStove,1,0,0,900101000,True,success,p_ref+p_star,TurnOnStove_scene1/TurnOnStove/scene_1/validation_candidate_00/rollout_00/TurnOnStove_epoch_rollout_00.mp4,/home/cwl/桌面/SkillBasin/GateA_artifacts/gate_a_20260912_r2/TurnOnStove_scene1/TurnOnStove/scene_1/validation_candidate_00/rollout_00/TurnOnStove_epoch_rollout_00.mp4
validation,TurnOnStove,1,0,1,900101001,True,success,p_ref+p_star,TurnOnStove_scene1/TurnOnStove/scene_1/validation_candidate_00/rollout_01/TurnOnStove_epoch_rollout_01.mp4,/home/cwl/桌面/SkillBasin/GateA_artifacts/gate_a_20260912_r2/TurnOnStove_scene1/TurnOnStove/scene_1/validation_candidate_00/rollout_01/TurnOnStove_epoch_rollout_01.mp4
validation,TurnOnStove,1,0,2,900101002,True,success,p_ref+p_star,TurnOnStove_scene1/TurnOnStove/scene_1/validation_candidate_00/rollout_02/TurnOnStove_epoch_rollout_02.mp4,/home/cwl/桌面/SkillBasin/GateA_artifacts/gate_a_20260912_r2/TurnOnStove_scene1/TurnOnStove/scene_1/validation_candidate_00/rollout_02/TurnOnStove_epoch_rollout_02.mp4
validation,TurnOnStove,1,0,3,900101003,True,success,p_ref+p_star,TurnOnStove_scene1/TurnOnStove/scene_1/validation_candidate_00/rollout_03/TurnOnStove_epoch_rollout_03.mp4,/home/cwl/桌面/SkillBasin/GateA_artifacts/gate_a_20260912_r2/TurnOnStove_scene1/TurnOnStove/scene_1/validation_candidate_00/rollout_03/TurnOnStove_epoch_rollout_03.mp4
validation,TurnOnStove,1,0,4,900101004,True,success,p_ref+p_star,TurnOnStove_scene1/TurnOnStove/scene_1/validation_candidate_00/rollout_04/TurnOnStove_epoch_rollout_04.mp4,/home/cwl/桌面/SkillBasin/GateA_artifacts/gate_a_20260912_r2/TurnOnStove_scene1/TurnOnStove/scene_1/validation_candidate_00/rollout_04/TurnOnStove_epoch_rollout_04.mp4
validation,TurnOnStove,1,0,5,900101005,True,success,p_ref+p_star,TurnOnStove_scene1/TurnOnStove/scene_1/validation_candidate_00/rollout_05/TurnOnStove_epoch_rollout_05.mp4,/home/cwl/桌面/SkillBasin/GateA_artifacts/gate_a_20260912_r2/TurnOnStove_scene1/TurnOnStove/scene_1/validation_candidate_00/rollout_05/TurnOnStove_epoch_rollout_05.mp4
validation,TurnOnStove,1,0,6,900101006,True,success,p_ref+p_star,TurnOnStove_scene1/TurnOnStove/scene_1/validation_candidate_00/rollout_06/TurnOnStove_epoch_rollout_06.mp4,/home/cwl/桌面/SkillBasin/GateA_artifacts/gate_a_20260912_r2/TurnOnStove_scene1/TurnOnStove/scene_1/validation_candidate_00/rollout_06/TurnOnStove_epoch_rollout_06.mp4
validation,TurnOnStove,1,0,7,900101007,True,success,p_ref+p_star,TurnOnStove_scene1/TurnOnStove/scene_1/validation_candidate_00/rollout_07/TurnOnStove_epoch_rollout_07.mp4,/home/cwl/桌面/SkillBasin/GateA_artifacts/gate_a_20260912_r2/TurnOnStove_scene1/TurnOnStove/scene_1/validation_candidate_00/rollout_07/TurnOnStove_epoch_rollout_07.mp4
validation,TurnOnStove,1,0,8,900101008,True,success,p_ref+p_star,TurnOnStove_scene1/TurnOnStove/scene_1/validation_candidate_00/rollout_08/TurnOnStove_epoch_rollout_08.mp4,/home/cwl/桌面/SkillBasin/GateA_artifacts/gate_a_20260912_r2/TurnOnStove_scene1/TurnOnStove/scene_1/validation_candidate_00/rollout_08/TurnOnStove_epoch_rollout_08.mp4
validation,TurnOnStove,1,0,9,900101009,True,success,p_ref+p_star,TurnOnStove_scene1/TurnOnStove/scene_1/validation_candidate_00/rollout_09/TurnOnStove_epoch_rollout_09.mp4,/home/cwl/桌面/SkillBasin/GateA_artifacts/gate_a_20260912_r2/TurnOnStove_scene1/TurnOnStove/scene_1/validation_candidate_00/rollout_09/TurnOnStove_epoch_rollout_09.mp4
validation,TurnOnStove,1,0,10,900101010,True,success,p_ref+p_star,TurnOnStove_scene1/TurnOnStove/scene_1/validation_candidate_00/rollout_10/TurnOnStove_epoch_rollout_10.mp4,/home/cwl/桌面/SkillBasin/GateA_artifacts/gate_a_20260912_r2/TurnOnStove_scene1/TurnOnStove/scene_1/validation_candidate_00/rollout_10/TurnOnStove_epoch_rollout_10.mp4
validation,TurnOnStove,1,0,11,900101011,True,success,p_ref+p_star,TurnOnStove_scene1/TurnOnStove/scene_1/validation_candidate_00/rollout_11/TurnOnStove_epoch_rollout_11.mp4,/home/cwl/桌面/SkillBasin/GateA_artifacts/gate_a_20260912_r2/TurnOnStove_scene1/TurnOnStove/scene_1/validation_candidate_00/rollout_11/TurnOnStove_epoch_rollout_11.mp4
validation,TurnOnStove,1,0,12,900101012,True,success,p_ref+p_star,TurnOnStove_scene1/TurnOnStove/scene_1/validation_candidate_00/rollout_12/TurnOnStove_epoch_rollout_12.mp4,/home/cwl/桌面/SkillBasin/GateA_artifacts/gate_a_20260912_r2/TurnOnStove_scene1/TurnOnStove/scene_1/validation_candidate_00/rollout_12/TurnOnStove_epoch_rollout_12.mp4
validation,TurnOnStove,1,0,13,900101013,True,success,p_ref+p_star,TurnOnStove_scene1/TurnOnStove/scene_1/validation_candidate_00/rollout_13/TurnOnStove_epoch_rollout_13.mp4,/home/cwl/桌面/SkillBasin/GateA_artifacts/gate_a_20260912_r2/TurnOnStove_scene1/TurnOnStove/scene_1/validation_candidate_00/rollout_13/TurnOnStove_epoch_rollout_13.mp4
validation,TurnOnStove,1,0,14,900101014,True,success,p_ref+p_star,TurnOnStove_scene1/TurnOnStove/scene_1/validation_candidate_00/rollout_14/TurnOnStove_epoch_rollout_14.mp4,/home/cwl/桌面/SkillBasin/GateA_artifacts/gate_a_20260912_r2/TurnOnStove_scene1/TurnOnStove/scene_1/validation_candidate_00/rollout_14/TurnOnStove_epoch_rollout_14.mp4
validation,TurnOnStove,1,0,15,900101015,True,success,p_ref+p_star,TurnOnStove_scene1/TurnOnStove/scene_1/validation_candidate_00/rollout_15/TurnOnStove_epoch_rollout_15.mp4,/home/cwl/桌面/SkillBasin/GateA_artifacts/gate_a_20260912_r2/TurnOnStove_scene1/TurnOnStove/scene_1/validation_candidate_00/rollout_15/TurnOnStove_epoch_rollout_15.mp4
validation,TurnOnStove,1,0,16,900101016,True,success,p_ref+p_star,TurnOnStove_scene1/TurnOnStove/scene_1/validation_candidate_00/rollout_16/TurnOnStove_epoch_rollout_16.mp4,/home/cwl/桌面/SkillBasin/GateA_artifacts/gate_a_20260912_r2/TurnOnStove_scene1/TurnOnStove/scene_1/validation_candidate_00/rollout_16/TurnOnStove_epoch_rollout_16.mp4
validation,TurnOnStove,1,0,17,900101017,True,success,p_ref+p_star,TurnOnStove_scene1/TurnOnStove/scene_1/validation_candidate_00/rollout_17/TurnOnStove_epoch_rollout_17.mp4,/home/cwl/桌面/SkillBasin/GateA_artifacts/gate_a_20260912_r2/TurnOnStove_scene1/TurnOnStove/scene_1/validation_candidate_00/rollout_17/TurnOnStove_epoch_rollout_17.mp4
validation,TurnOnStove,1,0,18,900101018,True,success,p_ref+p_star,TurnOnStove_scene1/TurnOnStove/scene_1/validation_candidate_00/rollout_18/TurnOnStove_epoch_rollout_18.mp4,/home/cwl/桌面/SkillBasin/GateA_artifacts/gate_a_20260912_r2/TurnOnStove_scene1/TurnOnStove/scene_1/validation_candidate_00/rollout_18/TurnOnStove_epoch_rollout_18.mp4
validation,TurnOnStove,1,0,19,900101019,True,success,p_ref+p_star,TurnOnStove_scene1/TurnOnStove/scene_1/validation_candidate_00/rollout_19/TurnOnStove_epoch_rollout_19.mp4,/home/cwl/桌面/SkillBasin/GateA_artifacts/gate_a_20260912_r2/TurnOnStove_scene1/TurnOnStove/scene_1/validation_candidate_00/rollout_19/TurnOnStove_epoch_rollout_19.mp4
validation,TurnOnStove,1,19,0,900101380,False,policy_failure,p_near,TurnOnStove_scene1/TurnOnStove/scene_1/validation_candidate_19/rollout_00/TurnOnStove_epoch_rollout_00.mp4,/home/cwl/桌面/SkillBasin/GateA_artifacts/gate_a_20260912_r2/TurnOnStove_scene1/TurnOnStove/scene_1/validation_candidate_19/rollout_00/TurnOnStove_epoch_rollout_00.mp4
validation,TurnOnStove,1,19,1,900101381,False,policy_failure,p_near,TurnOnStove_scene1/TurnOnStove/scene_1/validation_candidate_19/rollout_01/TurnOnStove_epoch_rollout_01.mp4,/home/cwl/桌面/SkillBasin/GateA_artifacts/gate_a_20260912_r2/TurnOnStove_scene1/TurnOnStove/scene_1/validation_candidate_19/rollout_01/TurnOnStove_epoch_rollout_01.mp4
validation,TurnOnStove,1,19,2,900101382,False,policy_failure,p_near,TurnOnStove_scene1/TurnOnStove/scene_1/validation_candidate_19/rollout_02/TurnOnStove_epoch_rollout_02.mp4,/home/cwl/桌面/SkillBasin/GateA_artifacts/gate_a_20260912_r2/TurnOnStove_scene1/TurnOnStove/scene_1/validation_candidate_19/rollout_02/TurnOnStove_epoch_rollout_02.mp4
validation,TurnOnStove,1,19,3,900101383,False,policy_failure,p_near,TurnOnStove_scene1/TurnOnStove/scene_1/validation_candidate_19/rollout_03/TurnOnStove_epoch_rollout_03.mp4,/home/cwl/桌面/SkillBasin/GateA_artifacts/gate_a_20260912_r2/TurnOnStove_scene1/TurnOnStove/scene_1/validation_candidate_19/rollout_03/TurnOnStove_epoch_rollout_03.mp4
validation,TurnOnStove,1,19,4,900101384,False,policy_failure,p_near,TurnOnStove_scene1/TurnOnStove/scene_1/validation_candidate_19/rollout_04/TurnOnStove_epoch_rollout_04.mp4,/home/cwl/桌面/SkillBasin/GateA_artifacts/gate_a_20260912_r2/TurnOnStove_scene1/TurnOnStove/scene_1/validation_candidate_19/rollout_04/TurnOnStove_epoch_rollout_04.mp4
validation,TurnOnStove,1,19,5,900101385,False,policy_failure,p_near,TurnOnStove_scene1/TurnOnStove/scene_1/validation_candidate_19/rollout_05/TurnOnStove_epoch_rollout_05.mp4,/home/cwl/桌面/SkillBasin/GateA_artifacts/gate_a_20260912_r2/TurnOnStove_scene1/TurnOnStove/scene_1/validation_candidate_19/rollout_05/TurnOnStove_epoch_rollout_05.mp4
validation,TurnOnStove,1,19,6,900101386,False,policy_failure,p_near,TurnOnStove_scene1/TurnOnStove/scene_1/validation_candidate_19/rollout_06/TurnOnStove_epoch_rollout_06.mp4,/home/cwl/桌面/SkillBasin/GateA_artifacts/gate_a_20260912_r2/TurnOnStove_scene1/TurnOnStove/scene_1/validation_candidate_19/rollout_06/TurnOnStove_epoch_rollout_06.mp4
validation,TurnOnStove,1,19,7,900101387,False,policy_failure,p_near,TurnOnStove_scene1/TurnOnStove/scene_1/validation_candidate_19/rollout_07/TurnOnStove_epoch_rollout_07.mp4,/home/cwl/桌面/SkillBasin/GateA_artifacts/gate_a_20260912_r2/TurnOnStove_scene1/TurnOnStove/scene_1/validation_candidate_19/rollout_07/TurnOnStove_epoch_rollout_07.mp4
validation,TurnOnStove,1,19,8,900101388,False,policy_failure,p_near,TurnOnStove_scene1/TurnOnStove/scene_1/validation_candidate_19/rollout_08/TurnOnStove_epoch_rollout_08.mp4,/home/cwl/桌面/SkillBasin/GateA_artifacts/gate_a_20260912_r2/TurnOnStove_scene1/TurnOnStove/scene_1/validation_candidate_19/rollout_08/TurnOnStove_epoch_rollout_08.mp4
validation,TurnOnStove,1,19,9,900101389,False,policy_failure,p_near,TurnOnStove_scene1/TurnOnStove/scene_1/validation_candidate_19/rollout_09/TurnOnStove_epoch_rollout_09.mp4,/home/cwl/桌面/SkillBasin/GateA_artifacts/gate_a_20260912_r2/TurnOnStove_scene1/TurnOnStove/scene_1/validation_candidate_19/rollout_09/TurnOnStove_epoch_rollout_09.mp4
validation,TurnOnStove,1,19,10,900101390,False,policy_failure,p_near,TurnOnStove_scene1/TurnOnStove/scene_1/validation_candidate_19/rollout_10/TurnOnStove_epoch_rollout_10.mp4,/home/cwl/桌面/SkillBasin/GateA_artifacts/gate_a_20260912_r2/TurnOnStove_scene1/TurnOnStove/scene_1/validation_candidate_19/rollout_10/TurnOnStove_epoch_rollout_10.mp4
validation,TurnOnStove,1,19,11,900101391,False,policy_failure,p_near,TurnOnStove_scene1/TurnOnStove/scene_1/validation_candidate_19/rollout_11/TurnOnStove_epoch_rollout_11.mp4,/home/cwl/桌面/SkillBasin/GateA_artifacts/gate_a_20260912_r2/TurnOnStove_scene1/TurnOnStove/scene_1/validation_candidate_19/rollout_11/TurnOnStove_epoch_rollout_11.mp4
validation,TurnOnStove,1,19,12,900101392,False,policy_failure,p_near,TurnOnStove_scene1/TurnOnStove/scene_1/validation_candidate_19/rollout_12/TurnOnStove_epoch_rollout_12.mp4,/home/cwl/桌面/SkillBasin/GateA_artifacts/gate_a_20260912_r2/TurnOnStove_scene1/TurnOnStove/scene_1/validation_candidate_19/rollout_12/TurnOnStove_epoch_rollout_12.mp4
validation,TurnOnStove,1,19,13,900101393,False,policy_failure,p_near,TurnOnStove_scene1/TurnOnStove/scene_1/validation_candidate_19/rollout_13/TurnOnStove_epoch_rollout_13.mp4,/home/cwl/桌面/SkillBasin/GateA_artifacts/gate_a_20260912_r2/TurnOnStove_scene1/TurnOnStove/scene_1/validation_candidate_19/rollout_13/TurnOnStove_epoch_rollout_13.mp4
validation,TurnOnStove,1,19,14,900101394,False,policy_failure,p_near,TurnOnStove_scene1/TurnOnStove/scene_1/validation_candidate_19/rollout_14/TurnOnStove_epoch_rollout_14.mp4,/home/cwl/桌面/SkillBasin/GateA_artifacts/gate_a_20260912_r2/TurnOnStove_scene1/TurnOnStove/scene_1/validation_candidate_19/rollout_14/TurnOnStove_epoch_rollout_14.mp4
validation,TurnOnStove,1,19,15,900101395,False,policy_failure,p_near,TurnOnStove_scene1/TurnOnStove/scene_1/validation_candidate_19/rollout_15/TurnOnStove_epoch_rollout_15.mp4,/home/cwl/桌面/SkillBasin/GateA_artifacts/gate_a_20260912_r2/TurnOnStove_scene1/TurnOnStove/scene_1/validation_candidate_19/rollout_15/TurnOnStove_epoch_rollout_15.mp4
validation,TurnOnStove,1,19,16,900101396,False,policy_failure,p_near,TurnOnStove_scene1/TurnOnStove/scene_1/validation_candidate_19/rollout_16/TurnOnStove_epoch_rollout_16.mp4,/home/cwl/桌面/SkillBasin/GateA_artifacts/gate_a_20260912_r2/TurnOnStove_scene1/TurnOnStove/scene_1/validation_candidate_19/rollout_16/TurnOnStove_epoch_rollout_16.mp4
validation,TurnOnStove,1,19,17,900101397,False,policy_failure,p_near,TurnOnStove_scene1/TurnOnStove/scene_1/validation_candidate_19/rollout_17/TurnOnStove_epoch_rollout_17.mp4,/home/cwl/桌面/SkillBasin/GateA_artifacts/gate_a_20260912_r2/TurnOnStove_scene1/TurnOnStove/scene_1/validation_candidate_19/rollout_17/TurnOnStove_epoch_rollout_17.mp4
validation,TurnOnStove,1,19,18,900101398,False,policy_failure,p_near,TurnOnStove_scene1/TurnOnStove/scene_1/validation_candidate_19/rollout_18/TurnOnStove_epoch_rollout_18.mp4,/home/cwl/桌面/SkillBasin/GateA_artifacts/gate_a_20260912_r2/TurnOnStove_scene1/TurnOnStove/scene_1/validation_candidate_19/rollout_18/TurnOnStove_epoch_rollout_18.mp4
validation,TurnOnStove,1,19,19,900101399,False,policy_failure,p_near,TurnOnStove_scene1/TurnOnStove/scene_1/validation_candidate_19/rollout_19/TurnOnStove_epoch_rollout_19.mp4,/home/cwl/桌面/SkillBasin/GateA_artifacts/gate_a_20260912_r2/TurnOnStove_scene1/TurnOnStove/scene_1/validation_candidate_19/rollout_19/TurnOnStove_epoch_rollout_19.mp4
validation,TurnOnStove,1,21,0,900101420,False,policy_failure,p_IK,TurnOnStove_scene1/TurnOnStove/scene_1/validation_candidate_21/rollout_00/TurnOnStove_epoch_rollout_00.mp4,/home/cwl/桌面/SkillBasin/GateA_artifacts/gate_a_20260912_r2/TurnOnStove_scene1/TurnOnStove/scene_1/validation_candidate_21/rollout_00/TurnOnStove_epoch_rollout_00.mp4
validation,TurnOnStove,1,21,1,900101421,False,policy_failure,p_IK,TurnOnStove_scene1/TurnOnStove/scene_1/validation_candidate_21/rollout_01/TurnOnStove_epoch_rollout_01.mp4,/home/cwl/桌面/SkillBasin/GateA_artifacts/gate_a_20260912_r2/TurnOnStove_scene1/TurnOnStove/scene_1/validation_candidate_21/rollout_01/TurnOnStove_epoch_rollout_01.mp4
validation,TurnOnStove,1,21,2,900101422,False,policy_failure,p_IK,TurnOnStove_scene1/TurnOnStove/scene_1/validation_candidate_21/rollout_02/TurnOnStove_epoch_rollout_02.mp4,/home/cwl/桌面/SkillBasin/GateA_artifacts/gate_a_20260912_r2/TurnOnStove_scene1/TurnOnStove/scene_1/validation_candidate_21/rollout_02/TurnOnStove_epoch_rollout_02.mp4
validation,TurnOnStove,1,21,3,900101423,False,policy_failure,p_IK,TurnOnStove_scene1/TurnOnStove/scene_1/validation_candidate_21/rollout_03/TurnOnStove_epoch_rollout_03.mp4,/home/cwl/桌面/SkillBasin/GateA_artifacts/gate_a_20260912_r2/TurnOnStove_scene1/TurnOnStove/scene_1/validation_candidate_21/rollout_03/TurnOnStove_epoch_rollout_03.mp4
validation,TurnOnStove,1,21,4,900101424,False,policy_failure,p_IK,TurnOnStove_scene1/TurnOnStove/scene_1/validation_candidate_21/rollout_04/TurnOnStove_epoch_rollout_04.mp4,/home/cwl/桌面/SkillBasin/GateA_artifacts/gate_a_20260912_r2/TurnOnStove_scene1/TurnOnStove/scene_1/validation_candidate_21/rollout_04/TurnOnStove_epoch_rollout_04.mp4
validation,TurnOnStove,1,21,5,900101425,False,policy_failure,p_IK,TurnOnStove_scene1/TurnOnStove/scene_1/validation_candidate_21/rollout_05/TurnOnStove_epoch_rollout_05.mp4,/home/cwl/桌面/SkillBasin/GateA_artifacts/gate_a_20260912_r2/TurnOnStove_scene1/TurnOnStove/scene_1/validation_candidate_21/rollout_05/TurnOnStove_epoch_rollout_05.mp4
validation,TurnOnStove,1,21,6,900101426,False,policy_failure,p_IK,TurnOnStove_scene1/TurnOnStove/scene_1/validation_candidate_21/rollout_06/TurnOnStove_epoch_rollout_06.mp4,/home/cwl/桌面/SkillBasin/GateA_artifacts/gate_a_20260912_r2/TurnOnStove_scene1/TurnOnStove/scene_1/validation_candidate_21/rollout_06/TurnOnStove_epoch_rollout_06.mp4
validation,TurnOnStove,1,21,7,900101427,False,policy_failure,p_IK,TurnOnStove_scene1/TurnOnStove/scene_1/validation_candidate_21/rollout_07/TurnOnStove_epoch_rollout_07.mp4,/home/cwl/桌面/SkillBasin/GateA_artifacts/gate_a_20260912_r2/TurnOnStove_scene1/TurnOnStove/scene_1/validation_candidate_21/rollout_07/TurnOnStove_epoch_rollout_07.mp4
validation,TurnOnStove,1,21,8,900101428,False,policy_failure,p_IK,TurnOnStove_scene1/TurnOnStove/scene_1/validation_candidate_21/rollout_08/TurnOnStove_epoch_rollout_08.mp4,/home/cwl/桌面/SkillBasin/GateA_artifacts/gate_a_20260912_r2/TurnOnStove_scene1/TurnOnStove/scene_1/validation_candidate_21/rollout_08/TurnOnStove_epoch_rollout_08.mp4
validation,TurnOnStove,1,21,9,900101429,False,policy_failure,p_IK,TurnOnStove_scene1/TurnOnStove/scene_1/validation_candidate_21/rollout_09/TurnOnStove_epoch_rollout_09.mp4,/home/cwl/桌面/SkillBasin/GateA_artifacts/gate_a_20260912_r2/TurnOnStove_scene1/TurnOnStove/scene_1/validation_candidate_21/rollout_09/TurnOnStove_epoch_rollout_09.mp4
validation,TurnOnStove,1,21,10,900101430,False,policy_failure,p_IK,TurnOnStove_scene1/TurnOnStove/scene_1/validation_candidate_21/rollout_10/TurnOnStove_epoch_rollout_10.mp4,/home/cwl/桌面/SkillBasin/GateA_artifacts/gate_a_20260912_r2/TurnOnStove_scene1/TurnOnStove/scene_1/validation_candidate_21/rollout_10/TurnOnStove_epoch_rollout_10.mp4
validation,TurnOnStove,1,21,11,900101431,False,policy_failure,p_IK,TurnOnStove_scene1/TurnOnStove/scene_1/validation_candidate_21/rollout_11/TurnOnStove_epoch_rollout_11.mp4,/home/cwl/桌面/SkillBasin/GateA_artifacts/gate_a_20260912_r2/TurnOnStove_scene1/TurnOnStove/scene_1/validation_candidate_21/rollout_11/TurnOnStove_epoch_rollout_11.mp4
validation,TurnOnStove,1,21,12,900101432,False,policy_failure,p_IK,TurnOnStove_scene1/TurnOnStove/scene_1/validation_candidate_21/rollout_12/TurnOnStove_epoch_rollout_12.mp4,/home/cwl/桌面/SkillBasin/GateA_artifacts/gate_a_20260912_r2/TurnOnStove_scene1/TurnOnStove/scene_1/validation_candidate_21/rollout_12/TurnOnStove_epoch_rollout_12.mp4
validation,TurnOnStove,1,21,13,900101433,False,policy_failure,p_IK,TurnOnStove_scene1/TurnOnStove/scene_1/validation_candidate_21/rollout_13/TurnOnStove_epoch_rollout_13.mp4,/home/cwl/桌面/SkillBasin/GateA_artifacts/gate_a_20260912_r2/TurnOnStove_scene1/TurnOnStove/scene_1/validation_candidate_21/rollout_13/TurnOnStove_epoch_rollout_13.mp4
validation,TurnOnStove,1,21,14,900101434,False,policy_failure,p_IK,TurnOnStove_scene1/TurnOnStove/scene_1/validation_candidate_21/rollout_14/TurnOnStove_epoch_rollout_14.mp4,/home/cwl/桌面/SkillBasin/GateA_artifacts/gate_a_20260912_r2/TurnOnStove_scene1/TurnOnStove/scene_1/validation_candidate_21/rollout_14/TurnOnStove_epoch_rollout_14.mp4
validation,TurnOnStove,1,21,15,900101435,False,policy_failure,p_IK,TurnOnStove_scene1/TurnOnStove/scene_1/validation_candidate_21/rollout_15/TurnOnStove_epoch_rollout_15.mp4,/home/cwl/桌面/SkillBasin/GateA_artifacts/gate_a_20260912_r2/TurnOnStove_scene1/TurnOnStove/scene_1/validation_candidate_21/rollout_15/TurnOnStove_epoch_rollout_15.mp4
validation,TurnOnStove,1,21,16,900101436,False,policy_failure,p_IK,TurnOnStove_scene1/TurnOnStove/scene_1/validation_candidate_21/rollout_16/TurnOnStove_epoch_rollout_16.mp4,/home/cwl/桌面/SkillBasin/GateA_artifacts/gate_a_20260912_r2/TurnOnStove_scene1/TurnOnStove/scene_1/validation_candidate_21/rollout_16/TurnOnStove_epoch_rollout_16.mp4
validation,TurnOnStove,1,21,17,900101437,False,policy_failure,p_IK,TurnOnStove_scene1/TurnOnStove/scene_1/validation_candidate_21/rollout_17/TurnOnStove_epoch_rollout_17.mp4,/home/cwl/桌面/SkillBasin/GateA_artifacts/gate_a_20260912_r2/TurnOnStove_scene1/TurnOnStove/scene_1/validation_candidate_21/rollout_17/TurnOnStove_epoch_rollout_17.mp4
validation,TurnOnStove,1,21,18,900101438,False,policy_failure,p_IK,TurnOnStove_scene1/TurnOnStove/scene_1/validation_candidate_21/rollout_18/TurnOnStove_epoch_rollout_18.mp4,/home/cwl/桌面/SkillBasin/GateA_artifacts/gate_a_20260912_r2/TurnOnStove_scene1/TurnOnStove/scene_1/validation_candidate_21/rollout_18/TurnOnStove_epoch_rollout_18.mp4
validation,TurnOnStove,1,21,19,900101439,False,policy_failure,p_IK,TurnOnStove_scene1/TurnOnStove/scene_1/validation_candidate_21/rollout_19/TurnOnStove_epoch_rollout_19.mp4,/home/cwl/桌面/SkillBasin/GateA_artifacts/gate_a_20260912_r2/TurnOnStove_scene1/TurnOnStove/scene_1/validation_candidate_21/rollout_19/TurnOnStove_epoch_rollout_19.mp4
validation,TurnOnStove,4,0,0,900104000,False,policy_failure,p_ref+p_near+p_IK+p_star,TurnOnStove_scene4/TurnOnStove/scene_4/validation_candidate_00/rollout_00/TurnOnStove_epoch_rollout_00.mp4,/home/cwl/桌面/SkillBasin/GateA_artifacts/gate_a_20260912_r2/TurnOnStove_scene4/TurnOnStove/scene_4/validation_candidate_00/rollout_00/TurnOnStove_epoch_rollout_00.mp4
validation,TurnOnStove,4,0,1,900104001,False,policy_failure,p_ref+p_near+p_IK+p_star,TurnOnStove_scene4/TurnOnStove/scene_4/validation_candidate_00/rollout_01/TurnOnStove_epoch_rollout_01.mp4,/home/cwl/桌面/SkillBasin/GateA_artifacts/gate_a_20260912_r2/TurnOnStove_scene4/TurnOnStove/scene_4/validation_candidate_00/rollout_01/TurnOnStove_epoch_rollout_01.mp4
validation,TurnOnStove,4,0,2,900104002,False,policy_failure,p_ref+p_near+p_IK+p_star,TurnOnStove_scene4/TurnOnStove/scene_4/validation_candidate_00/rollout_02/TurnOnStove_epoch_rollout_02.mp4,/home/cwl/桌面/SkillBasin/GateA_artifacts/gate_a_20260912_r2/TurnOnStove_scene4/TurnOnStove/scene_4/validation_candidate_00/rollout_02/TurnOnStove_epoch_rollout_02.mp4
validation,TurnOnStove,4,0,3,900104003,False,policy_failure,p_ref+p_near+p_IK+p_star,TurnOnStove_scene4/TurnOnStove/scene_4/validation_candidate_00/rollout_03/TurnOnStove_epoch_rollout_03.mp4,/home/cwl/桌面/SkillBasin/GateA_artifacts/gate_a_20260912_r2/TurnOnStove_scene4/TurnOnStove/scene_4/validation_candidate_00/rollout_03/TurnOnStove_epoch_rollout_03.mp4
validation,TurnOnStove,4,0,4,900104004,False,policy_failure,p_ref+p_near+p_IK+p_star,TurnOnStove_scene4/TurnOnStove/scene_4/validation_candidate_00/rollout_04/TurnOnStove_epoch_rollout_04.mp4,/home/cwl/桌面/SkillBasin/GateA_artifacts/gate_a_20260912_r2/TurnOnStove_scene4/TurnOnStove/scene_4/validation_candidate_00/rollout_04/TurnOnStove_epoch_rollout_04.mp4
validation,TurnOnStove,4,0,5,900104005,False,policy_failure,p_ref+p_near+p_IK+p_star,TurnOnStove_scene4/TurnOnStove/scene_4/validation_candidate_00/rollout_05/TurnOnStove_epoch_rollout_05.mp4,/home/cwl/桌面/SkillBasin/GateA_artifacts/gate_a_20260912_r2/TurnOnStove_scene4/TurnOnStove/scene_4/validation_candidate_00/rollout_05/TurnOnStove_epoch_rollout_05.mp4
validation,TurnOnStove,4,0,6,900104006,False,policy_failure,p_ref+p_near+p_IK+p_star,TurnOnStove_scene4/TurnOnStove/scene_4/validation_candidate_00/rollout_06/TurnOnStove_epoch_rollout_06.mp4,/home/cwl/桌面/SkillBasin/GateA_artifacts/gate_a_20260912_r2/TurnOnStove_scene4/TurnOnStove/scene_4/validation_candidate_00/rollout_06/TurnOnStove_epoch_rollout_06.mp4
validation,TurnOnStove,4,0,7,900104007,False,policy_failure,p_ref+p_near+p_IK+p_star,TurnOnStove_scene4/TurnOnStove/scene_4/validation_candidate_00/rollout_07/TurnOnStove_epoch_rollout_07.mp4,/home/cwl/桌面/SkillBasin/GateA_artifacts/gate_a_20260912_r2/TurnOnStove_scene4/TurnOnStove/scene_4/validation_candidate_00/rollout_07/TurnOnStove_epoch_rollout_07.mp4
validation,TurnOnStove,4,0,8,900104008,False,policy_failure,p_ref+p_near+p_IK+p_star,TurnOnStove_scene4/TurnOnStove/scene_4/validation_candidate_00/rollout_08/TurnOnStove_epoch_rollout_08.mp4,/home/cwl/桌面/SkillBasin/GateA_artifacts/gate_a_20260912_r2/TurnOnStove_scene4/TurnOnStove/scene_4/validation_candidate_00/rollout_08/TurnOnStove_epoch_rollout_08.mp4
validation,TurnOnStove,4,0,9,900104009,False,policy_failure,p_ref+p_near+p_IK+p_star,TurnOnStove_scene4/TurnOnStove/scene_4/validation_candidate_00/rollout_09/TurnOnStove_epoch_rollout_09.mp4,/home/cwl/桌面/SkillBasin/GateA_artifacts/gate_a_20260912_r2/TurnOnStove_scene4/TurnOnStove/scene_4/validation_candidate_00/rollout_09/TurnOnStove_epoch_rollout_09.mp4
validation,TurnOnStove,4,0,10,900104010,False,policy_failure,p_ref+p_near+p_IK+p_star,TurnOnStove_scene4/TurnOnStove/scene_4/validation_candidate_00/rollout_10/TurnOnStove_epoch_rollout_10.mp4,/home/cwl/桌面/SkillBasin/GateA_artifacts/gate_a_20260912_r2/TurnOnStove_scene4/TurnOnStove/scene_4/validation_candidate_00/rollout_10/TurnOnStove_epoch_rollout_10.mp4
validation,TurnOnStove,4,0,11,900104011,False,policy_failure,p_ref+p_near+p_IK+p_star,TurnOnStove_scene4/TurnOnStove/scene_4/validation_candidate_00/rollout_11/TurnOnStove_epoch_rollout_11.mp4,/home/cwl/桌面/SkillBasin/GateA_artifacts/gate_a_20260912_r2/TurnOnStove_scene4/TurnOnStove/scene_4/validation_candidate_00/rollout_11/TurnOnStove_epoch_rollout_11.mp4
validation,TurnOnStove,4,0,12,900104012,False,policy_failure,p_ref+p_near+p_IK+p_star,TurnOnStove_scene4/TurnOnStove/scene_4/validation_candidate_00/rollout_12/TurnOnStove_epoch_rollout_12.mp4,/home/cwl/桌面/SkillBasin/GateA_artifacts/gate_a_20260912_r2/TurnOnStove_scene4/TurnOnStove/scene_4/validation_candidate_00/rollout_12/TurnOnStove_epoch_rollout_12.mp4
validation,TurnOnStove,4,0,13,900104013,False,policy_failure,p_ref+p_near+p_IK+p_star,TurnOnStove_scene4/TurnOnStove/scene_4/validation_candidate_00/rollout_13/TurnOnStove_epoch_rollout_13.mp4,/home/cwl/桌面/SkillBasin/GateA_artifacts/gate_a_20260912_r2/TurnOnStove_scene4/TurnOnStove/scene_4/validation_candidate_00/rollout_13/TurnOnStove_epoch_rollout_13.mp4
validation,TurnOnStove,4,0,14,900104014,False,policy_failure,p_ref+p_near+p_IK+p_star,TurnOnStove_scene4/TurnOnStove/scene_4/validation_candidate_00/rollout_14/TurnOnStove_epoch_rollout_14.mp4,/home/cwl/桌面/SkillBasin/GateA_artifacts/gate_a_20260912_r2/TurnOnStove_scene4/TurnOnStove/scene_4/validation_candidate_00/rollout_14/TurnOnStove_epoch_rollout_14.mp4
validation,TurnOnStove,4,0,15,900104015,False,policy_failure,p_ref+p_near+p_IK+p_star,TurnOnStove_scene4/TurnOnStove/scene_4/validation_candidate_00/rollout_15/TurnOnStove_epoch_rollout_15.mp4,/home/cwl/桌面/SkillBasin/GateA_artifacts/gate_a_20260912_r2/TurnOnStove_scene4/TurnOnStove/scene_4/validation_candidate_00/rollout_15/TurnOnStove_epoch_rollout_15.mp4
validation,TurnOnStove,4,0,16,900104016,False,policy_failure,p_ref+p_near+p_IK+p_star,TurnOnStove_scene4/TurnOnStove/scene_4/validation_candidate_00/rollout_16/TurnOnStove_epoch_rollout_16.mp4,/home/cwl/桌面/SkillBasin/GateA_artifacts/gate_a_20260912_r2/TurnOnStove_scene4/TurnOnStove/scene_4/validation_candidate_00/rollout_16/TurnOnStove_epoch_rollout_16.mp4
validation,TurnOnStove,4,0,17,900104017,False,policy_failure,p_ref+p_near+p_IK+p_star,TurnOnStove_scene4/TurnOnStove/scene_4/validation_candidate_00/rollout_17/TurnOnStove_epoch_rollout_17.mp4,/home/cwl/桌面/SkillBasin/GateA_artifacts/gate_a_20260912_r2/TurnOnStove_scene4/TurnOnStove/scene_4/validation_candidate_00/rollout_17/TurnOnStove_epoch_rollout_17.mp4
validation,TurnOnStove,4,0,18,900104018,False,policy_failure,p_ref+p_near+p_IK+p_star,TurnOnStove_scene4/TurnOnStove/scene_4/validation_candidate_00/rollout_18/TurnOnStove_epoch_rollout_18.mp4,/home/cwl/桌面/SkillBasin/GateA_artifacts/gate_a_20260912_r2/TurnOnStove_scene4/TurnOnStove/scene_4/validation_candidate_00/rollout_18/TurnOnStove_epoch_rollout_18.mp4
validation,TurnOnStove,4,0,19,900104019,False,policy_failure,p_ref+p_near+p_IK+p_star,TurnOnStove_scene4/TurnOnStove/scene_4/validation_candidate_00/rollout_19/TurnOnStove_epoch_rollout_19.mp4,/home/cwl/桌面/SkillBasin/GateA_artifacts/gate_a_20260912_r2/TurnOnStove_scene4/TurnOnStove/scene_4/validation_candidate_00/rollout_19/TurnOnStove_epoch_rollout_19.mp4
validation,TurnOnStove,7,0,0,900107000,False,policy_failure,p_ref+p_near+p_star,TurnOnStove_scene7/TurnOnStove/scene_7/validation_candidate_00/rollout_00/TurnOnStove_epoch_rollout_00.mp4,/home/cwl/桌面/SkillBasin/GateA_artifacts/gate_a_20260912_r2/TurnOnStove_scene7/TurnOnStove/scene_7/validation_candidate_00/rollout_00/TurnOnStove_epoch_rollout_00.mp4
validation,TurnOnStove,7,0,1,900107001,False,policy_failure,p_ref+p_near+p_star,TurnOnStove_scene7/TurnOnStove/scene_7/validation_candidate_00/rollout_01/TurnOnStove_epoch_rollout_01.mp4,/home/cwl/桌面/SkillBasin/GateA_artifacts/gate_a_20260912_r2/TurnOnStove_scene7/TurnOnStove/scene_7/validation_candidate_00/rollout_01/TurnOnStove_epoch_rollout_01.mp4
validation,TurnOnStove,7,0,2,900107002,False,policy_failure,p_ref+p_near+p_star,TurnOnStove_scene7/TurnOnStove/scene_7/validation_candidate_00/rollout_02/TurnOnStove_epoch_rollout_02.mp4,/home/cwl/桌面/SkillBasin/GateA_artifacts/gate_a_20260912_r2/TurnOnStove_scene7/TurnOnStove/scene_7/validation_candidate_00/rollout_02/TurnOnStove_epoch_rollout_02.mp4
validation,TurnOnStove,7,0,3,900107003,False,policy_failure,p_ref+p_near+p_star,TurnOnStove_scene7/TurnOnStove/scene_7/validation_candidate_00/rollout_03/TurnOnStove_epoch_rollout_03.mp4,/home/cwl/桌面/SkillBasin/GateA_artifacts/gate_a_20260912_r2/TurnOnStove_scene7/TurnOnStove/scene_7/validation_candidate_00/rollout_03/TurnOnStove_epoch_rollout_03.mp4
validation,TurnOnStove,7,0,4,900107004,False,policy_failure,p_ref+p_near+p_star,TurnOnStove_scene7/TurnOnStove/scene_7/validation_candidate_00/rollout_04/TurnOnStove_epoch_rollout_04.mp4,/home/cwl/桌面/SkillBasin/GateA_artifacts/gate_a_20260912_r2/TurnOnStove_scene7/TurnOnStove/scene_7/validation_candidate_00/rollout_04/TurnOnStove_epoch_rollout_04.mp4
validation,TurnOnStove,7,0,5,900107005,False,policy_failure,p_ref+p_near+p_star,TurnOnStove_scene7/TurnOnStove/scene_7/validation_candidate_00/rollout_05/TurnOnStove_epoch_rollout_05.mp4,/home/cwl/桌面/SkillBasin/GateA_artifacts/gate_a_20260912_r2/TurnOnStove_scene7/TurnOnStove/scene_7/validation_candidate_00/rollout_05/TurnOnStove_epoch_rollout_05.mp4
validation,TurnOnStove,7,0,6,900107006,False,policy_failure,p_ref+p_near+p_star,TurnOnStove_scene7/TurnOnStove/scene_7/validation_candidate_00/rollout_06/TurnOnStove_epoch_rollout_06.mp4,/home/cwl/桌面/SkillBasin/GateA_artifacts/gate_a_20260912_r2/TurnOnStove_scene7/TurnOnStove/scene_7/validation_candidate_00/rollout_06/TurnOnStove_epoch_rollout_06.mp4
validation,TurnOnStove,7,0,7,900107007,False,policy_failure,p_ref+p_near+p_star,TurnOnStove_scene7/TurnOnStove/scene_7/validation_candidate_00/rollout_07/TurnOnStove_epoch_rollout_07.mp4,/home/cwl/桌面/SkillBasin/GateA_artifacts/gate_a_20260912_r2/TurnOnStove_scene7/TurnOnStove/scene_7/validation_candidate_00/rollout_07/TurnOnStove_epoch_rollout_07.mp4
validation,TurnOnStove,7,0,8,900107008,False,policy_failure,p_ref+p_near+p_star,TurnOnStove_scene7/TurnOnStove/scene_7/validation_candidate_00/rollout_08/TurnOnStove_epoch_rollout_08.mp4,/home/cwl/桌面/SkillBasin/GateA_artifacts/gate_a_20260912_r2/TurnOnStove_scene7/TurnOnStove/scene_7/validation_candidate_00/rollout_08/TurnOnStove_epoch_rollout_08.mp4
validation,TurnOnStove,7,0,9,900107009,False,policy_failure,p_ref+p_near+p_star,TurnOnStove_scene7/TurnOnStove/scene_7/validation_candidate_00/rollout_09/TurnOnStove_epoch_rollout_09.mp4,/home/cwl/桌面/SkillBasin/GateA_artifacts/gate_a_20260912_r2/TurnOnStove_scene7/TurnOnStove/scene_7/validation_candidate_00/rollout_09/TurnOnStove_epoch_rollout_09.mp4
validation,TurnOnStove,7,0,10,900107010,False,policy_failure,p_ref+p_near+p_star,TurnOnStove_scene7/TurnOnStove/scene_7/validation_candidate_00/rollout_10/TurnOnStove_epoch_rollout_10.mp4,/home/cwl/桌面/SkillBasin/GateA_artifacts/gate_a_20260912_r2/TurnOnStove_scene7/TurnOnStove/scene_7/validation_candidate_00/rollout_10/TurnOnStove_epoch_rollout_10.mp4
validation,TurnOnStove,7,0,11,900107011,False,policy_failure,p_ref+p_near+p_star,TurnOnStove_scene7/TurnOnStove/scene_7/validation_candidate_00/rollout_11/TurnOnStove_epoch_rollout_11.mp4,/home/cwl/桌面/SkillBasin/GateA_artifacts/gate_a_20260912_r2/TurnOnStove_scene7/TurnOnStove/scene_7/validation_candidate_00/rollout_11/TurnOnStove_epoch_rollout_11.mp4
validation,TurnOnStove,7,0,12,900107012,False,policy_failure,p_ref+p_near+p_star,TurnOnStove_scene7/TurnOnStove/scene_7/validation_candidate_00/rollout_12/TurnOnStove_epoch_rollout_12.mp4,/home/cwl/桌面/SkillBasin/GateA_artifacts/gate_a_20260912_r2/TurnOnStove_scene7/TurnOnStove/scene_7/validation_candidate_00/rollout_12/TurnOnStove_epoch_rollout_12.mp4
validation,TurnOnStove,7,0,13,900107013,False,policy_failure,p_ref+p_near+p_star,TurnOnStove_scene7/TurnOnStove/scene_7/validation_candidate_00/rollout_13/TurnOnStove_epoch_rollout_13.mp4,/home/cwl/桌面/SkillBasin/GateA_artifacts/gate_a_20260912_r2/TurnOnStove_scene7/TurnOnStove/scene_7/validation_candidate_00/rollout_13/TurnOnStove_epoch_rollout_13.mp4
validation,TurnOnStove,7,0,14,900107014,False,policy_failure,p_ref+p_near+p_star,TurnOnStove_scene7/TurnOnStove/scene_7/validation_candidate_00/rollout_14/TurnOnStove_epoch_rollout_14.mp4,/home/cwl/桌面/SkillBasin/GateA_artifacts/gate_a_20260912_r2/TurnOnStove_scene7/TurnOnStove/scene_7/validation_candidate_00/rollout_14/TurnOnStove_epoch_rollout_14.mp4
validation,TurnOnStove,7,0,15,900107015,False,policy_failure,p_ref+p_near+p_star,TurnOnStove_scene7/TurnOnStove/scene_7/validation_candidate_00/rollout_15/TurnOnStove_epoch_rollout_15.mp4,/home/cwl/桌面/SkillBasin/GateA_artifacts/gate_a_20260912_r2/TurnOnStove_scene7/TurnOnStove/scene_7/validation_candidate_00/rollout_15/TurnOnStove_epoch_rollout_15.mp4
validation,TurnOnStove,7,0,16,900107016,False,policy_failure,p_ref+p_near+p_star,TurnOnStove_scene7/TurnOnStove/scene_7/validation_candidate_00/rollout_16/TurnOnStove_epoch_rollout_16.mp4,/home/cwl/桌面/SkillBasin/GateA_artifacts/gate_a_20260912_r2/TurnOnStove_scene7/TurnOnStove/scene_7/validation_candidate_00/rollout_16/TurnOnStove_epoch_rollout_16.mp4
validation,TurnOnStove,7,0,17,900107017,False,policy_failure,p_ref+p_near+p_star,TurnOnStove_scene7/TurnOnStove/scene_7/validation_candidate_00/rollout_17/TurnOnStove_epoch_rollout_17.mp4,/home/cwl/桌面/SkillBasin/GateA_artifacts/gate_a_20260912_r2/TurnOnStove_scene7/TurnOnStove/scene_7/validation_candidate_00/rollout_17/TurnOnStove_epoch_rollout_17.mp4
validation,TurnOnStove,7,0,18,900107018,False,policy_failure,p_ref+p_near+p_star,TurnOnStove_scene7/TurnOnStove/scene_7/validation_candidate_00/rollout_18/TurnOnStove_epoch_rollout_18.mp4,/home/cwl/桌面/SkillBasin/GateA_artifacts/gate_a_20260912_r2/TurnOnStove_scene7/TurnOnStove/scene_7/validation_candidate_00/rollout_18/TurnOnStove_epoch_rollout_18.mp4
validation,TurnOnStove,7,0,19,900107019,False,policy_failure,p_ref+p_near+p_star,TurnOnStove_scene7/TurnOnStove/scene_7/validation_candidate_00/rollout_19/TurnOnStove_epoch_rollout_19.mp4,/home/cwl/桌面/SkillBasin/GateA_artifacts/gate_a_20260912_r2/TurnOnStove_scene7/TurnOnStove/scene_7/validation_candidate_00/rollout_19/TurnOnStove_epoch_rollout_19.mp4
validation,TurnOnStove,7,21,0,900107420,False,policy_failure,p_IK,TurnOnStove_scene7/TurnOnStove/scene_7/validation_candidate_21/rollout_00/TurnOnStove_epoch_rollout_00.mp4,/home/cwl/桌面/SkillBasin/GateA_artifacts/gate_a_20260912_r2/TurnOnStove_scene7/TurnOnStove/scene_7/validation_candidate_21/rollout_00/TurnOnStove_epoch_rollout_00.mp4
validation,TurnOnStove,7,21,1,900107421,False,policy_failure,p_IK,TurnOnStove_scene7/TurnOnStove/scene_7/validation_candidate_21/rollout_01/TurnOnStove_epoch_rollout_01.mp4,/home/cwl/桌面/SkillBasin/GateA_artifacts/gate_a_20260912_r2/TurnOnStove_scene7/TurnOnStove/scene_7/validation_candidate_21/rollout_01/TurnOnStove_epoch_rollout_01.mp4
validation,TurnOnStove,7,21,2,900107422,False,policy_failure,p_IK,TurnOnStove_scene7/TurnOnStove/scene_7/validation_candidate_21/rollout_02/TurnOnStove_epoch_rollout_02.mp4,/home/cwl/桌面/SkillBasin/GateA_artifacts/gate_a_20260912_r2/TurnOnStove_scene7/TurnOnStove/scene_7/validation_candidate_21/rollout_02/TurnOnStove_epoch_rollout_02.mp4
validation,TurnOnStove,7,21,3,900107423,False,policy_failure,p_IK,TurnOnStove_scene7/TurnOnStove/scene_7/validation_candidate_21/rollout_03/TurnOnStove_epoch_rollout_03.mp4,/home/cwl/桌面/SkillBasin/GateA_artifacts/gate_a_20260912_r2/TurnOnStove_scene7/TurnOnStove/scene_7/validation_candidate_21/rollout_03/TurnOnStove_epoch_rollout_03.mp4
validation,TurnOnStove,7,21,4,900107424,False,policy_failure,p_IK,TurnOnStove_scene7/TurnOnStove/scene_7/validation_candidate_21/rollout_04/TurnOnStove_epoch_rollout_04.mp4,/home/cwl/桌面/SkillBasin/GateA_artifacts/gate_a_20260912_r2/TurnOnStove_scene7/TurnOnStove/scene_7/validation_candidate_21/rollout_04/TurnOnStove_epoch_rollout_04.mp4
validation,TurnOnStove,7,21,5,900107425,False,policy_failure,p_IK,TurnOnStove_scene7/TurnOnStove/scene_7/validation_candidate_21/rollout_05/TurnOnStove_epoch_rollout_05.mp4,/home/cwl/桌面/SkillBasin/GateA_artifacts/gate_a_20260912_r2/TurnOnStove_scene7/TurnOnStove/scene_7/validation_candidate_21/rollout_05/TurnOnStove_epoch_rollout_05.mp4
validation,TurnOnStove,7,21,6,900107426,False,policy_failure,p_IK,TurnOnStove_scene7/TurnOnStove/scene_7/validation_candidate_21/rollout_06/TurnOnStove_epoch_rollout_06.mp4,/home/cwl/桌面/SkillBasin/GateA_artifacts/gate_a_20260912_r2/TurnOnStove_scene7/TurnOnStove/scene_7/validation_candidate_21/rollout_06/TurnOnStove_epoch_rollout_06.mp4
validation,TurnOnStove,7,21,7,900107427,False,policy_failure,p_IK,TurnOnStove_scene7/TurnOnStove/scene_7/validation_candidate_21/rollout_07/TurnOnStove_epoch_rollout_07.mp4,/home/cwl/桌面/SkillBasin/GateA_artifacts/gate_a_20260912_r2/TurnOnStove_scene7/TurnOnStove/scene_7/validation_candidate_21/rollout_07/TurnOnStove_epoch_rollout_07.mp4
validation,TurnOnStove,7,21,8,900107428,False,policy_failure,p_IK,TurnOnStove_scene7/TurnOnStove/scene_7/validation_candidate_21/rollout_08/TurnOnStove_epoch_rollout_08.mp4,/home/cwl/桌面/SkillBasin/GateA_artifacts/gate_a_20260912_r2/TurnOnStove_scene7/TurnOnStove/scene_7/validation_candidate_21/rollout_08/TurnOnStove_epoch_rollout_08.mp4
validation,TurnOnStove,7,21,9,900107429,False,policy_failure,p_IK,TurnOnStove_scene7/TurnOnStove/scene_7/validation_candidate_21/rollout_09/TurnOnStove_epoch_rollout_09.mp4,/home/cwl/桌面/SkillBasin/GateA_artifacts/gate_a_20260912_r2/TurnOnStove_scene7/TurnOnStove/scene_7/validation_candidate_21/rollout_09/TurnOnStove_epoch_rollout_09.mp4
validation,TurnOnStove,7,21,10,900107430,False,policy_failure,p_IK,TurnOnStove_scene7/TurnOnStove/scene_7/validation_candidate_21/rollout_10/TurnOnStove_epoch_rollout_10.mp4,/home/cwl/桌面/SkillBasin/GateA_artifacts/gate_a_20260912_r2/TurnOnStove_scene7/TurnOnStove/scene_7/validation_candidate_21/rollout_10/TurnOnStove_epoch_rollout_10.mp4
validation,TurnOnStove,7,21,11,900107431,False,policy_failure,p_IK,TurnOnStove_scene7/TurnOnStove/scene_7/validation_candidate_21/rollout_11/TurnOnStove_epoch_rollout_11.mp4,/home/cwl/桌面/SkillBasin/GateA_artifacts/gate_a_20260912_r2/TurnOnStove_scene7/TurnOnStove/scene_7/validation_candidate_21/rollout_11/TurnOnStove_epoch_rollout_11.mp4
validation,TurnOnStove,7,21,12,900107432,False,policy_failure,p_IK,TurnOnStove_scene7/TurnOnStove/scene_7/validation_candidate_21/rollout_12/TurnOnStove_epoch_rollout_12.mp4,/home/cwl/桌面/SkillBasin/GateA_artifacts/gate_a_20260912_r2/TurnOnStove_scene7/TurnOnStove/scene_7/validation_candidate_21/rollout_12/TurnOnStove_epoch_rollout_12.mp4
validation,TurnOnStove,7,21,13,900107433,False,policy_failure,p_IK,TurnOnStove_scene7/TurnOnStove/scene_7/validation_candidate_21/rollout_13/TurnOnStove_epoch_rollout_13.mp4,/home/cwl/桌面/SkillBasin/GateA_artifacts/gate_a_20260912_r2/TurnOnStove_scene7/TurnOnStove/scene_7/validation_candidate_21/rollout_13/TurnOnStove_epoch_rollout_13.mp4
validation,TurnOnStove,7,21,14,900107434,False,policy_failure,p_IK,TurnOnStove_scene7/TurnOnStove/scene_7/validation_candidate_21/rollout_14/TurnOnStove_epoch_rollout_14.mp4,/home/cwl/桌面/SkillBasin/GateA_artifacts/gate_a_20260912_r2/TurnOnStove_scene7/TurnOnStove/scene_7/validation_candidate_21/rollout_14/TurnOnStove_epoch_rollout_14.mp4
validation,TurnOnStove,7,21,15,900107435,False,policy_failure,p_IK,TurnOnStove_scene7/TurnOnStove/scene_7/validation_candidate_21/rollout_15/TurnOnStove_epoch_rollout_15.mp4,/home/cwl/桌面/SkillBasin/GateA_artifacts/gate_a_20260912_r2/TurnOnStove_scene7/TurnOnStove/scene_7/validation_candidate_21/rollout_15/TurnOnStove_epoch_rollout_15.mp4
validation,TurnOnStove,7,21,16,900107436,False,policy_failure,p_IK,TurnOnStove_scene7/TurnOnStove/scene_7/validation_candidate_21/rollout_16/TurnOnStove_epoch_rollout_16.mp4,/home/cwl/桌面/SkillBasin/GateA_artifacts/gate_a_20260912_r2/TurnOnStove_scene7/TurnOnStove/scene_7/validation_candidate_21/rollout_16/TurnOnStove_epoch_rollout_16.mp4
validation,TurnOnStove,7,21,17,900107437,False,policy_failure,p_IK,TurnOnStove_scene7/TurnOnStove/scene_7/validation_candidate_21/rollout_17/TurnOnStove_epoch_rollout_17.mp4,/home/cwl/桌面/SkillBasin/GateA_artifacts/gate_a_20260912_r2/TurnOnStove_scene7/TurnOnStove/scene_7/validation_candidate_21/rollout_17/TurnOnStove_epoch_rollout_17.mp4
validation,TurnOnStove,7,21,18,900107438,False,policy_failure,p_IK,TurnOnStove_scene7/TurnOnStove/scene_7/validation_candidate_21/rollout_18/TurnOnStove_epoch_rollout_18.mp4,/home/cwl/桌面/SkillBasin/GateA_artifacts/gate_a_20260912_r2/TurnOnStove_scene7/TurnOnStove/scene_7/validation_candidate_21/rollout_18/TurnOnStove_epoch_rollout_18.mp4
validation,TurnOnStove,7,21,19,900107439,False,policy_failure,p_IK,TurnOnStove_scene7/TurnOnStove/scene_7/validation_candidate_21/rollout_19/TurnOnStove_epoch_rollout_19.mp4,/home/cwl/桌面/SkillBasin/GateA_artifacts/gate_a_20260912_r2/TurnOnStove_scene7/TurnOnStove/scene_7/validation_candidate_21/rollout_19/TurnOnStove_epoch_rollout_19.mp4
